ID,Company Name,Slug,Website,HQ / Primary Office,Country / Region,Regulatory / License Notes,FluidRWA Segment,Services Offered,Asset Classes / Use Cases,Digital Asset / Tokenization Signal,Best For,Investor Types Served,Geographic Coverage,Likely Minimum Deal Size,FluidRWA Priority,Criteria Met,Verification Status,Suggested Listing Description,Source URLs,Codex Add?,Manual Notes
1,Securitize Markets,securitize-markets,https://securitize.io,"Miami, FL",United States,"SEC/FINRA broker-dealer, ATS, transfer agent ecosystem",Digital Securities / Tokenization,"Tokenized securities issuance, placement, transfer agent, marketplace, secondary trading","Digital securities, tokenized funds, tokenized equity, private markets, RWAs",Tokenization experienced; prominent RWA securities platform,"Issuers raising capital with tokenized funds, equity, credit or real-world assets","Institutional investors, accredited investors, financial advisors, family offices",Primarily United States,Not publicly standardized; verify with firm,High,regulated/licensed capital markets entity; relevant to private markets/RWA distribution; high buyer-fit for FluidRWA,Public website checked; regulatory status must be verified in FINRA BrokerCheck/SEC IAPD or local regulator before publishing,"Securitize Markets is a digital securities / tokenization candidate for FluidRWA's broker-dealer and capital distribution category. It may be relevant for issuers raising capital with tokenized funds, equity, credit or real-world assets, with services including tokenized securities issuance, placement, transfer agent, marketplace, secondary trading.",https://securitize.io | https://brokercheck.finra.org/ | https://adviserinfo.sec.gov/ | https://www.sipc.org/list-of-members/,Yes,"Verify licensing, active registration, disciplinary history, jurisdiction and whether they accept RWA/tokenization mandates before outreach."
2,INX Securities,inx-securities,https://www.inx.co,"New York, NY",United States,US broker-dealer / ATS ecosystem,Digital Securities / Tokenization,"Security token offerings, digital securities trading, capital markets access","Digital securities, tokenized funds, tokenized equity, private markets, RWAs",Digital securities and security token marketplace,Security token issuers and investors needing regulated access,"Institutional investors, accredited investors, financial advisors, family offices",Primarily United States,Not publicly standardized; verify with firm,High,regulated/licensed capital markets entity; relevant to private markets/RWA distribution; high buyer-fit for FluidRWA,Public website checked; regulatory status must be verified in FINRA BrokerCheck/SEC IAPD or local regulator before publishing,"INX Securities is a digital securities / tokenization candidate for FluidRWA's broker-dealer and capital distribution category. It may be relevant for security token issuers and investors needing regulated access, with services including security token offerings, digital securities trading, capital markets access.",https://www.inx.co | https://brokercheck.finra.org/ | https://adviserinfo.sec.gov/ | https://www.sipc.org/list-of-members/,Yes,"Verify licensing, active registration, disciplinary history, jurisdiction and whether they accept RWA/tokenization mandates before outreach."
3,tZERO Securities,tzero-securities,https://www.tzero.com,"New York, NY",United States,US broker-dealer / ATS ecosystem,Digital Securities / Tokenization,"Digital securities trading, ATS, private market liquidity","Digital securities, tokenized funds, tokenized equity, private markets, RWAs",Digital securities secondary market focus,Private securities issuers looking for secondary liquidity,"Institutional investors, accredited investors, financial advisors, family offices",Primarily United States,Not publicly standardized; verify with firm,High,regulated/licensed capital markets entity; relevant to private markets/RWA distribution; high buyer-fit for FluidRWA,Public website checked; regulatory status must be verified in FINRA BrokerCheck/SEC IAPD or local regulator before publishing,"tZERO Securities is a digital securities / tokenization candidate for FluidRWA's broker-dealer and capital distribution category. It may be relevant for private securities issuers looking for secondary liquidity, with services including digital securities trading, ats, private market liquidity.",https://www.tzero.com | https://brokercheck.finra.org/ | https://adviserinfo.sec.gov/ | https://www.sipc.org/list-of-members/,Yes,"Verify licensing, active registration, disciplinary history, jurisdiction and whether they accept RWA/tokenization mandates before outreach."
4,Texture Capital,texture-capital,https://texture.capital,"New York, NY",United States,US broker-dealer / ATS,Digital Securities / Tokenization,"Digital securities issuance, capital raising, ATS trading","Digital securities, tokenized funds, tokenized equity, private markets, RWAs",Tokenization-focused broker-dealer,"Growth companies, funds and private securities issuers","Institutional investors, accredited investors, financial advisors, family offices",Primarily United States,Not publicly standardized; verify with firm,High,regulated/licensed capital markets entity; relevant to private markets/RWA distribution; high buyer-fit for FluidRWA,Public website checked; regulatory status must be verified in FINRA BrokerCheck/SEC IAPD or local regulator before publishing,"Texture Capital is a digital securities / tokenization candidate for FluidRWA's broker-dealer and capital distribution category. It may be relevant for growth companies, funds and private securities issuers, with services including digital securities issuance, capital raising, ats trading.",https://texture.capital | https://brokercheck.finra.org/ | https://adviserinfo.sec.gov/ | https://www.sipc.org/list-of-members/,Yes,"Verify licensing, active registration, disciplinary history, jurisdiction and whether they accept RWA/tokenization mandates before outreach."
5,Oasis Pro Markets,oasis-pro-markets,https://www.oasispromarkets.com,"New York, NY",United States,US broker-dealer / ATS,Digital Securities / Tokenization,"Digital securities ATS, private placements, capital raising","Digital securities, tokenized funds, tokenized equity, private markets, RWAs",Digital asset securities and tokenized asset marketplace,Tokenized securities issuers,"Institutional investors, accredited investors, financial advisors, family offices",Primarily United States,Not publicly standardized; verify with firm,High,regulated/licensed capital markets entity; relevant to private markets/RWA distribution; high buyer-fit for FluidRWA,Public website checked; regulatory status must be verified in FINRA BrokerCheck/SEC IAPD or local regulator before publishing,"Oasis Pro Markets is a digital securities / tokenization candidate for FluidRWA's broker-dealer and capital distribution category. It may be relevant for tokenized securities issuers, with services including digital securities ats, private placements, capital raising.",https://www.oasispromarkets.com | https://brokercheck.finra.org/ | https://adviserinfo.sec.gov/ | https://www.sipc.org/list-of-members/,Yes,"Verify licensing, active registration, disciplinary history, jurisdiction and whether they accept RWA/tokenization mandates before outreach."
6,Prometheum,prometheum,https://www.prometheum.com,"New York, NY",United States,US special purpose broker-dealer / digital asset securities,Digital Securities / Tokenization,Digital asset securities custody and trading infrastructure,"Digital securities, tokenized funds, tokenized equity, private markets, RWAs",Digital asset securities specialist,Regulated digital asset securities market access,"Institutional investors, accredited investors, financial advisors, family offices",Primarily United States,Not publicly standardized; verify with firm,High,regulated/licensed capital markets entity; relevant to private markets/RWA distribution; high buyer-fit for FluidRWA,Public website checked; regulatory status must be verified in FINRA BrokerCheck/SEC IAPD or local regulator before publishing,"Prometheum is a digital securities / tokenization candidate for FluidRWA's broker-dealer and capital distribution category. It may be relevant for regulated digital asset securities market access, with services including digital asset securities custody and trading infrastructure.",https://www.prometheum.com | https://brokercheck.finra.org/ | https://adviserinfo.sec.gov/ | https://www.sipc.org/list-of-members/,Yes,"Verify licensing, active registration, disciplinary history, jurisdiction and whether they accept RWA/tokenization mandates before outreach."
7,Republic,republic,https://republic.com,"New York, NY",United States,Broker-dealer / funding portal ecosystem,Capital Raising Platform,"Online capital raising, private investments, alternative assets","Private securities, funds, alternatives, capital markets, real-world assets where applicable",Some digital asset and private market exposure,"Startups, private companies and community-led offerings","Institutional investors, accredited investors, financial advisors, family offices",Primarily United States,Not publicly standardized; verify with firm,Medium,regulated/licensed capital markets entity,Public website checked; regulatory status must be verified in FINRA BrokerCheck/SEC IAPD or local regulator before publishing,"Republic is a capital raising platform candidate for FluidRWA's broker-dealer and capital distribution category. It may be relevant for startups, private companies and community-led offerings, with services including online capital raising, private investments, alternative assets.",https://republic.com | https://brokercheck.finra.org/ | https://adviserinfo.sec.gov/ | https://www.sipc.org/list-of-members/,Yes,"Verify licensing, active registration, disciplinary history, jurisdiction and whether they accept RWA/tokenization mandates before outreach."
8,Dalmore Group,dalmore-group,https://dalmorefg.com,"New York, NY",United States,US broker-dealer,Capital Raising Platform,"Reg A, Reg D, Reg CF support, online offerings, private placements","Private securities, funds, alternatives, capital markets, real-world assets where applicable",Popular with online capital raising platforms,Reg A and private markets issuers,"Institutional investors, accredited investors, financial advisors, family offices",Primarily United States,Not publicly standardized; verify with firm,High,regulated/licensed capital markets entity; high buyer-fit for FluidRWA,Public website checked; regulatory status must be verified in FINRA BrokerCheck/SEC IAPD or local regulator before publishing,"Dalmore Group is a capital raising platform candidate for FluidRWA's broker-dealer and capital distribution category. It may be relevant for reg a and private markets issuers, with services including reg a, reg d, reg cf support, online offerings, private placements.",https://dalmorefg.com | https://brokercheck.finra.org/ | https://adviserinfo.sec.gov/ | https://www.sipc.org/list-of-members/,Yes,"Verify licensing, active registration, disciplinary history, jurisdiction and whether they accept RWA/tokenization mandates before outreach."
9,North Capital Private Securities,north-capital-private-securities,https://www.northcapital.com,"Salt Lake City, UT",United States,US broker-dealer,Capital Raising Platform,"Private placements, escrow, transaction tech, alternative investments","Private securities, funds, alternatives, capital markets, real-world assets where applicable",Private securities and alternatives infrastructure,"Private funds, issuers and investment platforms","Institutional investors, accredited investors, financial advisors, family offices",Primarily United States,Not publicly standardized; verify with firm,High,regulated/licensed capital markets entity; high buyer-fit for FluidRWA,Public website checked; regulatory status must be verified in FINRA BrokerCheck/SEC IAPD or local regulator before publishing,"North Capital Private Securities is a capital raising platform candidate for FluidRWA's broker-dealer and capital distribution category. It may be relevant for private funds, issuers and investment platforms, with services including private placements, escrow, transaction tech, alternative investments.",https://www.northcapital.com | https://brokercheck.finra.org/ | https://adviserinfo.sec.gov/ | https://www.sipc.org/list-of-members/,Yes,"Verify licensing, active registration, disciplinary history, jurisdiction and whether they accept RWA/tokenization mandates before outreach."
10,WealthForge Securities,wealthforge-securities,https://www.wealthforge.com,"Richmond, VA",United States,US broker-dealer,Capital Raising Platform,"Private placement execution, due diligence workflows, subscription processing","Private securities, funds, alternatives, capital markets, real-world assets where applicable",Alternative investment transaction infrastructure,Private funds and alternative investment sponsors,"Institutional investors, accredited investors, financial advisors, family offices",Primarily United States,Not publicly standardized; verify with firm,High,regulated/licensed capital markets entity; high buyer-fit for FluidRWA,Public website checked; regulatory status must be verified in FINRA BrokerCheck/SEC IAPD or local regulator before publishing,"WealthForge Securities is a capital raising platform candidate for FluidRWA's broker-dealer and capital distribution category. It may be relevant for private funds and alternative investment sponsors, with services including private placement execution, due diligence workflows, subscription processing.",https://www.wealthforge.com | https://brokercheck.finra.org/ | https://adviserinfo.sec.gov/ | https://www.sipc.org/list-of-members/,Yes,"Verify licensing, active registration, disciplinary history, jurisdiction and whether they accept RWA/tokenization mandates before outreach."
11,Entoro Securities,entoro-securities,https://www.entoro.com,"Houston, TX",United States,US broker-dealer,Capital Raising / Investment Bank,"Private placements, energy, technology, digital assets, capital raising","Private equity, private credit, real estate, infrastructure, corporate finance, debt/equity offerings",Has digital asset and tokenization relevance,Alternative asset issuers and energy/tokenization projects,"Institutional investors, accredited investors, financial advisors, family offices",Primarily United States,Not publicly standardized; verify with firm,High,regulated/licensed capital markets entity; relevant to private markets/RWA distribution; high buyer-fit for FluidRWA,Public website checked; regulatory status must be verified in FINRA BrokerCheck/SEC IAPD or local regulator before publishing,"Entoro Securities is a capital raising / investment bank candidate for FluidRWA's broker-dealer and capital distribution category. It may be relevant for alternative asset issuers and energy/tokenization projects, with services including private placements, energy, technology, digital assets, capital raising.",https://www.entoro.com | https://brokercheck.finra.org/ | https://adviserinfo.sec.gov/ | https://www.sipc.org/list-of-members/,Yes,"Verify licensing, active registration, disciplinary history, jurisdiction and whether they accept RWA/tokenization mandates before outreach."
12,Finalis Securities,finalis-securities,https://www.finalis.com,"San Francisco, CA",United States,US broker-dealer platform,Capital Raising / Investment Bank,"Broker-dealer platform for investment bankers, private placements, M&A","Private equity, private credit, real estate, infrastructure, corporate finance, debt/equity offerings",Enables capital markets deal teams,Boutique investment bankers and private placement teams,"Institutional investors, accredited investors, financial advisors, family offices",Primarily United States,Not publicly standardized; verify with firm,Medium,regulated/licensed capital markets entity; relevant to private markets/RWA distribution,Public website checked; regulatory status must be verified in FINRA BrokerCheck/SEC IAPD or local regulator before publishing,"Finalis Securities is a capital raising / investment bank candidate for FluidRWA's broker-dealer and capital distribution category. It may be relevant for boutique investment bankers and private placement teams, with services including broker-dealer platform for investment bankers, private placements, m&a.",https://www.finalis.com | https://brokercheck.finra.org/ | https://adviserinfo.sec.gov/ | https://www.sipc.org/list-of-members/,Yes,"Verify licensing, active registration, disciplinary history, jurisdiction and whether they accept RWA/tokenization mandates before outreach."
13,Boustead Securities,boustead-securities,https://www.boustead1828.com,"Irvine, CA",United States,US broker-dealer / investment bank,Capital Raising / Investment Bank,"Investment banking, IPOs, private placements, Reg A, cross-border listings","Private equity, private credit, real estate, infrastructure, corporate finance, debt/equity offerings",Capital raising and securities offerings,Growth companies and cross-border issuers,"Institutional investors, accredited investors, financial advisors, family offices",Primarily United States,Not publicly standardized; verify with firm,Medium,regulated/licensed capital markets entity; relevant to private markets/RWA distribution,Public website checked; regulatory status must be verified in FINRA BrokerCheck/SEC IAPD or local regulator before publishing,"Boustead Securities is a capital raising / investment bank candidate for FluidRWA's broker-dealer and capital distribution category. It may be relevant for growth companies and cross-border issuers, with services including investment banking, ipos, private placements, reg a, cross-border listings.",https://www.boustead1828.com | https://brokercheck.finra.org/ | https://adviserinfo.sec.gov/ | https://www.sipc.org/list-of-members/,Yes,"Verify licensing, active registration, disciplinary history, jurisdiction and whether they accept RWA/tokenization mandates before outreach."
14,Aegis Capital,aegis-capital,https://www.aegiscapcorp.com,"New York, NY",United States,US broker-dealer / investment bank,Capital Raising / Investment Bank,"Investment banking, private placements, public offerings, trading","Private equity, private credit, real estate, infrastructure, corporate finance, debt/equity offerings",Capital markets distribution,Small/mid-cap issuers seeking public or private capital,"Institutional investors, accredited investors, financial advisors, family offices",Primarily United States,Not publicly standardized; verify with firm,Medium,regulated/licensed capital markets entity; relevant to private markets/RWA distribution,Public website checked; regulatory status must be verified in FINRA BrokerCheck/SEC IAPD or local regulator before publishing,"Aegis Capital is a capital raising / investment bank candidate for FluidRWA's broker-dealer and capital distribution category. It may be relevant for small/mid-cap issuers seeking public or private capital, with services including investment banking, private placements, public offerings, trading.",https://www.aegiscapcorp.com | https://brokercheck.finra.org/ | https://adviserinfo.sec.gov/ | https://www.sipc.org/list-of-members/,Yes,"Verify licensing, active registration, disciplinary history, jurisdiction and whether they accept RWA/tokenization mandates before outreach."
15,WestPark Capital,westpark-capital,https://www.wpcapital.com,"Los Angeles, CA",United States,US broker-dealer / investment bank,Capital Raising / Investment Bank,"Investment banking, IPOs, private placements, M&A, advisory","Private equity, private credit, real estate, infrastructure, corporate finance, debt/equity offerings",Cross-border and growth company capital markets,Emerging growth companies,"Institutional investors, accredited investors, financial advisors, family offices",Primarily United States,Not publicly standardized; verify with firm,Medium,regulated/licensed capital markets entity; relevant to private markets/RWA distribution,Public website checked; regulatory status must be verified in FINRA BrokerCheck/SEC IAPD or local regulator before publishing,"WestPark Capital is a capital raising / investment bank candidate for FluidRWA's broker-dealer and capital distribution category. It may be relevant for emerging growth companies, with services including investment banking, ipos, private placements, m&a, advisory.",https://www.wpcapital.com | https://brokercheck.finra.org/ | https://adviserinfo.sec.gov/ | https://www.sipc.org/list-of-members/,Yes,"Verify licensing, active registration, disciplinary history, jurisdiction and whether they accept RWA/tokenization mandates before outreach."
16,Network 1 Financial Securities,network-1-financial-securities,https://www.netw1.com,"Red Bank, NJ",United States,US broker-dealer / investment bank,Capital Raising / Investment Bank,"Investment banking, private placements, IPOs, trading","Private equity, private credit, real estate, infrastructure, corporate finance, debt/equity offerings",Capital markets access for smaller issuers,Small-cap and growth issuers,"Institutional investors, accredited investors, financial advisors, family offices",Primarily United States,Not publicly standardized; verify with firm,Medium,regulated/licensed capital markets entity; relevant to private markets/RWA distribution,Public website checked; regulatory status must be verified in FINRA BrokerCheck/SEC IAPD or local regulator before publishing,"Network 1 Financial Securities is a capital raising / investment bank candidate for FluidRWA's broker-dealer and capital distribution category. It may be relevant for small-cap and growth issuers, with services including investment banking, private placements, ipos, trading.",https://www.netw1.com | https://brokercheck.finra.org/ | https://adviserinfo.sec.gov/ | https://www.sipc.org/list-of-members/,Yes,"Verify licensing, active registration, disciplinary history, jurisdiction and whether they accept RWA/tokenization mandates before outreach."
17,Dinosaur Financial Group,dinosaur-financial-group,https://www.dinosaurgroup.com,"New York, NY",United States,US broker-dealer,Capital Markets / Trading,"Fixed income, equities, investment banking, capital markets","Private securities, funds, alternatives, capital markets, real-world assets where applicable",Institutional brokerage and capital markets,Institutional trading and capital markets,"Institutional investors, accredited investors, financial advisors, family offices",Primarily United States,Not publicly standardized; verify with firm,Medium,regulated/licensed capital markets entity,Public website checked; regulatory status must be verified in FINRA BrokerCheck/SEC IAPD or local regulator before publishing,"Dinosaur Financial Group is a capital markets / trading candidate for FluidRWA's broker-dealer and capital distribution category. It may be relevant for institutional trading and capital markets, with services including fixed income, equities, investment banking, capital markets.",https://www.dinosaurgroup.com | https://brokercheck.finra.org/ | https://adviserinfo.sec.gov/ | https://www.sipc.org/list-of-members/,Yes,"Verify licensing, active registration, disciplinary history, jurisdiction and whether they accept RWA/tokenization mandates before outreach."
18,StoneX Financial,stonex-financial,https://www.stonex.com,"New York, NY",United States,US broker-dealer / FCM ecosystem,Institutional Trading,"Institutional execution, clearing, commodities, FX, securities","Private securities, funds, alternatives, capital markets, real-world assets where applicable",Institutional distribution and trading infrastructure,"Commodity-linked RWA, treasury and institutional trading","Institutional investors, accredited investors, financial advisors, family offices",Primarily United States,Not publicly standardized; verify with firm,Medium,regulated/licensed capital markets entity,Public website checked; regulatory status must be verified in FINRA BrokerCheck/SEC IAPD or local regulator before publishing,"StoneX Financial is a institutional trading candidate for FluidRWA's broker-dealer and capital distribution category. It may be relevant for commodity-linked rwa, treasury and institutional trading, with services including institutional execution, clearing, commodities, fx, securities.",https://www.stonex.com | https://brokercheck.finra.org/ | https://adviserinfo.sec.gov/ | https://www.sipc.org/list-of-members/,Yes,"Verify licensing, active registration, disciplinary history, jurisdiction and whether they accept RWA/tokenization mandates before outreach."
19,Clear Street,clear-street,https://clearstreet.io,"New York, NY",United States,US broker-dealer / prime brokerage,Institutional Trading,"Prime brokerage, clearing, execution, capital markets technology","Private securities, funds, alternatives, capital markets, real-world assets where applicable",Modern broker-dealer infrastructure,"Institutional trading, fintech and alternative investment platforms","Institutional investors, accredited investors, financial advisors, family offices",Primarily United States,Not publicly standardized; verify with firm,Medium,regulated/licensed capital markets entity,Public website checked; regulatory status must be verified in FINRA BrokerCheck/SEC IAPD or local regulator before publishing,"Clear Street is a institutional trading candidate for FluidRWA's broker-dealer and capital distribution category. It may be relevant for institutional trading, fintech and alternative investment platforms, with services including prime brokerage, clearing, execution, capital markets technology.",https://clearstreet.io | https://brokercheck.finra.org/ | https://adviserinfo.sec.gov/ | https://www.sipc.org/list-of-members/,Yes,"Verify licensing, active registration, disciplinary history, jurisdiction and whether they accept RWA/tokenization mandates before outreach."
20,DriveWealth,drivewealth,https://drivewealth.com,"Jersey City, NJ",United States,US broker-dealer,Embedded Brokerage,"Brokerage infrastructure, fractional shares, embedded investing APIs","Public securities, alternatives, advisory products, private placements where approved","Digital brokerage infrastructure, not RWA-specific",Fintechs needing embedded brokerage rails,"Institutional investors, accredited investors, financial advisors, family offices",Primarily United States,Not publicly standardized; verify with firm,Medium,regulated/licensed capital markets entity,Public website checked; regulatory status must be verified in FINRA BrokerCheck/SEC IAPD or local regulator before publishing,"DriveWealth is a embedded brokerage candidate for FluidRWA's broker-dealer and capital distribution category. It may be relevant for fintechs needing embedded brokerage rails, with services including brokerage infrastructure, fractional shares, embedded investing apis.",https://drivewealth.com | https://brokercheck.finra.org/ | https://adviserinfo.sec.gov/ | https://www.sipc.org/list-of-members/,Yes,"Verify licensing, active registration, disciplinary history, jurisdiction and whether they accept RWA/tokenization mandates before outreach."
21,iCapital,icapital,https://icapital.com,"New York, NY",United States,Alternative investment platform with broker-dealer entities,Alternative Investments Platform,"Alternative investment access, advisor platform, funds, structured investments","Private securities, funds, alternatives, capital markets, real-world assets where applicable",Strong private markets distribution relevance,Asset managers distributing alternatives to wealth channels,"Institutional investors, accredited investors, financial advisors, family offices",Primarily United States,Not publicly standardized; verify with firm,High,regulated/licensed capital markets entity; relevant to private markets/RWA distribution; high buyer-fit for FluidRWA,Public website checked; regulatory status must be verified in FINRA BrokerCheck/SEC IAPD or local regulator before publishing,"iCapital is a alternative investments platform candidate for FluidRWA's broker-dealer and capital distribution category. It may be relevant for asset managers distributing alternatives to wealth channels, with services including alternative investment access, advisor platform, funds, structured investments.",https://icapital.com | https://brokercheck.finra.org/ | https://adviserinfo.sec.gov/ | https://www.sipc.org/list-of-members/,Yes,"Verify licensing, active registration, disciplinary history, jurisdiction and whether they accept RWA/tokenization mandates before outreach."
22,CAIS,cais,https://www.caisgroup.com,"New York, NY",United States,Alternative investment platform with broker-dealer relationships,Alternative Investments Platform,"Alternative investments marketplace, advisor education, fund distribution","Private securities, funds, alternatives, capital markets, real-world assets where applicable",Strong private markets distribution relevance,Alternative asset managers and wealth advisors,"Institutional investors, accredited investors, financial advisors, family offices",Primarily United States,Not publicly standardized; verify with firm,High,regulated/licensed capital markets entity; relevant to private markets/RWA distribution; high buyer-fit for FluidRWA,Public website checked; regulatory status must be verified in FINRA BrokerCheck/SEC IAPD or local regulator before publishing,"CAIS is a alternative investments platform candidate for FluidRWA's broker-dealer and capital distribution category. It may be relevant for alternative asset managers and wealth advisors, with services including alternative investments marketplace, advisor education, fund distribution.",https://www.caisgroup.com | https://brokercheck.finra.org/ | https://adviserinfo.sec.gov/ | https://www.sipc.org/list-of-members/,Yes,"Verify licensing, active registration, disciplinary history, jurisdiction and whether they accept RWA/tokenization mandates before outreach."
23,Yieldstreet,yieldstreet,https://www.yieldstreet.com,"New York, NY",United States,Alternative investments platform / securities offering ecosystem,Alternative Investments Platform,"Private credit, real estate, art, structured notes, alternatives","Private securities, funds, alternatives, capital markets, real-world assets where applicable",RWA-aligned alternative investments,Alternative asset sponsors and individual accredited investors,"Institutional investors, accredited investors, financial advisors, family offices",Primarily United States,Not publicly standardized; verify with firm,Medium,regulated/licensed capital markets entity; relevant to private markets/RWA distribution,Public website checked; regulatory status must be verified in FINRA BrokerCheck/SEC IAPD or local regulator before publishing,"Yieldstreet is a alternative investments platform candidate for FluidRWA's broker-dealer and capital distribution category. It may be relevant for alternative asset sponsors and individual accredited investors, with services including private credit, real estate, art, structured notes, alternatives.",https://www.yieldstreet.com | https://brokercheck.finra.org/ | https://adviserinfo.sec.gov/ | https://www.sipc.org/list-of-members/,Yes,"Verify licensing, active registration, disciplinary history, jurisdiction and whether they accept RWA/tokenization mandates before outreach."
24,RealBlocks,realblocks,https://www.realblocks.com,"New York, NY",United States,Alternative investment technology platform,Alternative Investments Platform,"Fund distribution technology, investor onboarding, subscriptions, alternatives","Private securities, funds, alternatives, capital markets, real-world assets where applicable",Tokenization/fund distribution adjacent,Private funds seeking digital distribution,"Institutional investors, accredited investors, financial advisors, family offices",Primarily United States,Not publicly standardized; verify with firm,Medium,relevant to private markets/RWA distribution,Public website checked; regulatory status must be verified in FINRA BrokerCheck/SEC IAPD or local regulator before publishing,"RealBlocks is a alternative investments platform candidate for FluidRWA's broker-dealer and capital distribution category. It may be relevant for private funds seeking digital distribution, with services including fund distribution technology, investor onboarding, subscriptions, alternatives.",https://www.realblocks.com | https://brokercheck.finra.org/ | https://adviserinfo.sec.gov/ | https://www.sipc.org/list-of-members/,Yes,"Verify licensing, active registration, disciplinary history, jurisdiction and whether they accept RWA/tokenization mandates before outreach."
25,Mercury Capital Advisors,mercury-capital-advisors,https://www.mercurycapital.com,"New York, NY",United States,Placement agent / broker-dealer ecosystem,Placement Agent,"Private fund placement, capital raising, institutional investor access","Private equity, private credit, real estate, infrastructure, corporate finance, debt/equity offerings",Strong institutional distribution relevance,Private funds seeking institutional LPs,"Institutional investors, accredited investors, financial advisors, family offices",Primarily United States,Not publicly standardized; verify with firm,High,regulated/licensed capital markets entity; relevant to private markets/RWA distribution; high buyer-fit for FluidRWA,Public website checked; regulatory status must be verified in FINRA BrokerCheck/SEC IAPD or local regulator before publishing,"Mercury Capital Advisors is a placement agent candidate for FluidRWA's broker-dealer and capital distribution category. It may be relevant for private funds seeking institutional lps, with services including private fund placement, capital raising, institutional investor access.",https://www.mercurycapital.com | https://brokercheck.finra.org/ | https://adviserinfo.sec.gov/ | https://www.sipc.org/list-of-members/,Yes,"Verify licensing, active registration, disciplinary history, jurisdiction and whether they accept RWA/tokenization mandates before outreach."
26,Campbell Lutyens,campbell-lutyens,https://www.campbell-lutyens.com,London,United Kingdom,Regulated private capital adviser / placement agent,Placement Agent,"Private equity, private credit, infrastructure fundraising and secondaries","Private equity, private credit, real estate, infrastructure, corporate finance, debt/equity offerings",Private markets distribution,Private capital fund managers,"Institutional investors, accredited investors, financial advisors, family offices",Primarily United Kingdom,Not publicly standardized; verify with firm,High,regulated/licensed capital markets entity; relevant to private markets/RWA distribution; high buyer-fit for FluidRWA,Public website checked; regulatory status must be verified in FINRA BrokerCheck/SEC IAPD or local regulator before publishing,"Campbell Lutyens is a placement agent candidate for FluidRWA's broker-dealer and capital distribution category. It may be relevant for private capital fund managers, with services including private equity, private credit, infrastructure fundraising and secondaries.",https://www.campbell-lutyens.com | https://brokercheck.finra.org/ | https://adviserinfo.sec.gov/ | https://www.sipc.org/list-of-members/,Yes,"Verify licensing, active registration, disciplinary history, jurisdiction and whether they accept RWA/tokenization mandates before outreach."
27,Evercore Private Funds Group,evercore-private-funds-group,https://www.evercore.com,"New York, NY",United States,Investment banking / private funds advisory,Placement Agent,"Private fund placement, secondary advisory, capital advisory","Private equity, private credit, real estate, infrastructure, corporate finance, debt/equity offerings",Private fund distribution relevance,GPs raising private funds,"Institutional investors, accredited investors, financial advisors, family offices",Primarily United States,Not publicly standardized; verify with firm,High,relevant to private markets/RWA distribution; high buyer-fit for FluidRWA,Public website checked; regulatory status must be verified in FINRA BrokerCheck/SEC IAPD or local regulator before publishing,"Evercore Private Funds Group is a placement agent candidate for FluidRWA's broker-dealer and capital distribution category. It may be relevant for gps raising private funds, with services including private fund placement, secondary advisory, capital advisory.",https://www.evercore.com | https://brokercheck.finra.org/ | https://adviserinfo.sec.gov/ | https://www.sipc.org/list-of-members/,Yes,"Verify licensing, active registration, disciplinary history, jurisdiction and whether they accept RWA/tokenization mandates before outreach."
28,Lazard Private Capital Advisory,lazard-private-capital-advisory,https://www.lazard.com,"New York, NY",United States,Investment bank / capital advisory,Placement Agent,"Private capital advisory, fund placement, secondary advisory","Private equity, private credit, real estate, infrastructure, corporate finance, debt/equity offerings",Institutional investor distribution,Private market managers,"Institutional investors, accredited investors, financial advisors, family offices",Primarily United States,Not publicly standardized; verify with firm,High,relevant to private markets/RWA distribution; high buyer-fit for FluidRWA,Public website checked; regulatory status must be verified in FINRA BrokerCheck/SEC IAPD or local regulator before publishing,"Lazard Private Capital Advisory is a placement agent candidate for FluidRWA's broker-dealer and capital distribution category. It may be relevant for private market managers, with services including private capital advisory, fund placement, secondary advisory.",https://www.lazard.com | https://brokercheck.finra.org/ | https://adviserinfo.sec.gov/ | https://www.sipc.org/list-of-members/,Yes,"Verify licensing, active registration, disciplinary history, jurisdiction and whether they accept RWA/tokenization mandates before outreach."
29,PJT Park Hill,pjt-park-hill,https://www.pjtpartners.com,"New York, NY",United States,Investment bank / private funds advisory,Placement Agent,"Private fund placement, secondary advisory, capital solutions","Private equity, private credit, real estate, infrastructure, corporate finance, debt/equity offerings",Institutional private markets distribution,"Private equity, credit and real asset fund managers","Institutional investors, accredited investors, financial advisors, family offices",Primarily United States,Not publicly standardized; verify with firm,High,relevant to private markets/RWA distribution; high buyer-fit for FluidRWA,Public website checked; regulatory status must be verified in FINRA BrokerCheck/SEC IAPD or local regulator before publishing,"PJT Park Hill is a placement agent candidate for FluidRWA's broker-dealer and capital distribution category. It may be relevant for private equity, credit and real asset fund managers, with services including private fund placement, secondary advisory, capital solutions.",https://www.pjtpartners.com | https://brokercheck.finra.org/ | https://adviserinfo.sec.gov/ | https://www.sipc.org/list-of-members/,Yes,"Verify licensing, active registration, disciplinary history, jurisdiction and whether they accept RWA/tokenization mandates before outreach."
30,Moelis Private Funds Advisory,moelis-private-funds-advisory,https://www.moelis.com,"New York, NY",United States,Investment bank / private funds advisory,Placement Agent,"Private funds advisory, capital raising, secondary advisory","Private equity, private credit, real estate, infrastructure, corporate finance, debt/equity offerings",Institutional capital raising,Private capital funds,"Institutional investors, accredited investors, financial advisors, family offices",Primarily United States,Not publicly standardized; verify with firm,High,relevant to private markets/RWA distribution; high buyer-fit for FluidRWA,Public website checked; regulatory status must be verified in FINRA BrokerCheck/SEC IAPD or local regulator before publishing,"Moelis Private Funds Advisory is a placement agent candidate for FluidRWA's broker-dealer and capital distribution category. It may be relevant for private capital funds, with services including private funds advisory, capital raising, secondary advisory.",https://www.moelis.com | https://brokercheck.finra.org/ | https://adviserinfo.sec.gov/ | https://www.sipc.org/list-of-members/,Yes,"Verify licensing, active registration, disciplinary history, jurisdiction and whether they accept RWA/tokenization mandates before outreach."
31,Houlihan Lokey Private Funds Group,houlihan-lokey-private-funds-group,https://hl.com,"Los Angeles, CA",United States,Investment bank / broker-dealer entities,Placement Agent,"Private funds, capital markets, M&A, restructuring","Private equity, private credit, real estate, infrastructure, corporate finance, debt/equity offerings",Institutional capital and alternatives distribution,Private asset managers and corporate issuers,"Institutional investors, accredited investors, financial advisors, family offices",Primarily United States,Not publicly standardized; verify with firm,High,regulated/licensed capital markets entity; relevant to private markets/RWA distribution; high buyer-fit for FluidRWA,Public website checked; regulatory status must be verified in FINRA BrokerCheck/SEC IAPD or local regulator before publishing,"Houlihan Lokey Private Funds Group is a placement agent candidate for FluidRWA's broker-dealer and capital distribution category. It may be relevant for private asset managers and corporate issuers, with services including private funds, capital markets, m&a, restructuring.",https://hl.com | https://brokercheck.finra.org/ | https://adviserinfo.sec.gov/ | https://www.sipc.org/list-of-members/,Yes,"Verify licensing, active registration, disciplinary history, jurisdiction and whether they accept RWA/tokenization mandates before outreach."
32,Triago,triago,https://www.triago.com,Paris,France,Private equity placement agent,Placement Agent,"Fundraising, secondaries, direct private equity advisory","Private equity, private credit, real estate, infrastructure, corporate finance, debt/equity offerings",Private capital distribution,Private equity and private credit managers,"Institutional investors, accredited investors, financial advisors, family offices",Primarily France,Not publicly standardized; verify with firm,Medium,relevant to private markets/RWA distribution,Public website checked; regulatory status must be verified in FINRA BrokerCheck/SEC IAPD or local regulator before publishing,"Triago is a placement agent candidate for FluidRWA's broker-dealer and capital distribution category. It may be relevant for private equity and private credit managers, with services including fundraising, secondaries, direct private equity advisory.",https://www.triago.com | https://brokercheck.finra.org/ | https://adviserinfo.sec.gov/ | https://www.sipc.org/list-of-members/,Yes,"Verify licensing, active registration, disciplinary history, jurisdiction and whether they accept RWA/tokenization mandates before outreach."
33,Rede Partners,rede-partners,https://www.rede-partners.com,London,United Kingdom,Placement agent / private markets advisory,Placement Agent,"Private equity fundraising, secondary advisory, GP advisory","Private equity, private credit, real estate, infrastructure, corporate finance, debt/equity offerings",Private markets distribution,European private capital managers,"Institutional investors, accredited investors, financial advisors, family offices",Primarily United Kingdom,Not publicly standardized; verify with firm,Medium,relevant to private markets/RWA distribution,Public website checked; regulatory status must be verified in FINRA BrokerCheck/SEC IAPD or local regulator before publishing,"Rede Partners is a placement agent candidate for FluidRWA's broker-dealer and capital distribution category. It may be relevant for european private capital managers, with services including private equity fundraising, secondary advisory, gp advisory.",https://www.rede-partners.com | https://brokercheck.finra.org/ | https://adviserinfo.sec.gov/ | https://www.sipc.org/list-of-members/,Yes,"Verify licensing, active registration, disciplinary history, jurisdiction and whether they accept RWA/tokenization mandates before outreach."
34,MVision Private Equity Advisers,mvision-private-equity-advisers,https://www.mvision.com,London,United Kingdom,Private fund placement adviser,Placement Agent,"Fund placement, private equity fundraising, investor relations","Private equity, private credit, real estate, infrastructure, corporate finance, debt/equity offerings",Private markets distribution,Private equity and alternatives managers,"Institutional investors, accredited investors, financial advisors, family offices",Primarily United Kingdom,Not publicly standardized; verify with firm,Medium,relevant to private markets/RWA distribution,Public website checked; regulatory status must be verified in FINRA BrokerCheck/SEC IAPD or local regulator before publishing,"MVision Private Equity Advisers is a placement agent candidate for FluidRWA's broker-dealer and capital distribution category. It may be relevant for private equity and alternatives managers, with services including fund placement, private equity fundraising, investor relations.",https://www.mvision.com | https://brokercheck.finra.org/ | https://adviserinfo.sec.gov/ | https://www.sipc.org/list-of-members/,Yes,"Verify licensing, active registration, disciplinary history, jurisdiction and whether they accept RWA/tokenization mandates before outreach."
35,Asante Capital,asante-capital,https://www.asantecapital.com,London,United Kingdom,Private capital placement/advisory,Placement Agent,"Private markets fundraising, capital advisory, secondary solutions","Private equity, private credit, real estate, infrastructure, corporate finance, debt/equity offerings",Private markets distribution,GPs raising capital globally,"Institutional investors, accredited investors, financial advisors, family offices",Primarily United Kingdom,Not publicly standardized; verify with firm,Medium,relevant to private markets/RWA distribution,Public website checked; regulatory status must be verified in FINRA BrokerCheck/SEC IAPD or local regulator before publishing,"Asante Capital is a placement agent candidate for FluidRWA's broker-dealer and capital distribution category. It may be relevant for gps raising capital globally, with services including private markets fundraising, capital advisory, secondary solutions.",https://www.asantecapital.com | https://brokercheck.finra.org/ | https://adviserinfo.sec.gov/ | https://www.sipc.org/list-of-members/,Yes,"Verify licensing, active registration, disciplinary history, jurisdiction and whether they accept RWA/tokenization mandates before outreach."
36,Eaton Partners,eaton-partners,https://www.stifel.com/institutional/investment-banking/eaton-partners,"Rowayton, CT",United States,Placement agent / Stifel company,Placement Agent,"Fund placement, private capital advisory, secondaries","Private equity, private credit, real estate, infrastructure, corporate finance, debt/equity offerings",Institutional capital access,Alternative investment managers,"Institutional investors, accredited investors, financial advisors, family offices",Primarily United States,Not publicly standardized; verify with firm,High,relevant to private markets/RWA distribution; high buyer-fit for FluidRWA,Public website checked; regulatory status must be verified in FINRA BrokerCheck/SEC IAPD or local regulator before publishing,"Eaton Partners is a placement agent candidate for FluidRWA's broker-dealer and capital distribution category. It may be relevant for alternative investment managers, with services including fund placement, private capital advisory, secondaries.",https://www.stifel.com/institutional/investment-banking/eaton-partners | https://brokercheck.finra.org/ | https://adviserinfo.sec.gov/ | https://www.sipc.org/list-of-members/,Yes,"Verify licensing, active registration, disciplinary history, jurisdiction and whether they accept RWA/tokenization mandates before outreach."
37,Greenstone Equity Partners,greenstone-equity-partners,https://www.greenstoneequity.com,Dubai,United Arab Emirates,Regulated placement/advisory firm,Placement Agent,Fund placement and capital raising across GCC investors,"Private equity, private credit, real estate, infrastructure, corporate finance, debt/equity offerings",Middle East distribution relevance,Managers seeking GCC capital,"Institutional investors, accredited investors, financial advisors, family offices",Cross-border / regional,Not publicly standardized; verify with firm,Medium,regulated/licensed capital markets entity; relevant to private markets/RWA distribution,Public website checked; regulatory status must be verified in FINRA BrokerCheck/SEC IAPD or local regulator before publishing,"Greenstone Equity Partners is a placement agent candidate for FluidRWA's broker-dealer and capital distribution category. It may be relevant for managers seeking gcc capital, with services including fund placement and capital raising across gcc investors.",https://www.greenstoneequity.com | https://brokercheck.finra.org/ | https://adviserinfo.sec.gov/ | https://www.sipc.org/list-of-members/,Yes,"Verify licensing, active registration, disciplinary history, jurisdiction and whether they accept RWA/tokenization mandates before outreach."
38,PineBridge Benson Elliot / Private Funds Group,pinebridge-benson-elliot-private-funds-group,https://www.pinebridge.com,"New York, NY",United States,Asset manager/private capital platform,Placement / Alternatives,"Private markets, alternatives, capital solutions","Private equity, private credit, real estate, infrastructure, corporate finance, debt/equity offerings",Private markets investor access,Asset managers seeking alternatives expertise,"Institutional investors, accredited investors, financial advisors, family offices",Primarily United States,Not publicly standardized; verify with firm,Low,relevant to private markets/RWA distribution,Public website checked; regulatory status must be verified in FINRA BrokerCheck/SEC IAPD or local regulator before publishing,"PineBridge Benson Elliot / Private Funds Group is a placement / alternatives candidate for FluidRWA's broker-dealer and capital distribution category. It may be relevant for asset managers seeking alternatives expertise, with services including private markets, alternatives, capital solutions.",https://www.pinebridge.com | https://brokercheck.finra.org/ | https://adviserinfo.sec.gov/ | https://www.sipc.org/list-of-members/,Yes,"Verify licensing, active registration, disciplinary history, jurisdiction and whether they accept RWA/tokenization mandates before outreach."
39,Capstone Partners,capstone-partners,https://www.capstonepartners.com,"Boston, MA",United States,Investment bank / FINRA member entities,Investment Bank,"M&A, capital advisory, debt and equity financing","Private equity, private credit, real estate, infrastructure, corporate finance, debt/equity offerings",Middle-market capital raising,Middle-market companies and funds,"Institutional investors, accredited investors, financial advisors, family offices",Primarily United States,Not publicly standardized; verify with firm,Medium,relevant to private markets/RWA distribution,Public website checked; regulatory status must be verified in FINRA BrokerCheck/SEC IAPD or local regulator before publishing,"Capstone Partners is a investment bank candidate for FluidRWA's broker-dealer and capital distribution category. It may be relevant for middle-market companies and funds, with services including m&a, capital advisory, debt and equity financing.",https://www.capstonepartners.com | https://brokercheck.finra.org/ | https://adviserinfo.sec.gov/ | https://www.sipc.org/list-of-members/,Yes,"Verify licensing, active registration, disciplinary history, jurisdiction and whether they accept RWA/tokenization mandates before outreach."
40,LPL Financial,lpl-financial,https://www.lpl.com,"San Diego, CA",United States,US independent broker-dealer,Wealth Broker-Dealer,"Advisor network, brokerage, advisory, alternative investment access","Public securities, alternatives, advisory products, private placements where approved",Massive wealth distribution network; not tokenization-specific,Wealth channel distribution,"Institutional investors, accredited investors, financial advisors, family offices",Primarily United States,Not publicly standardized; verify with firm,High,regulated/licensed capital markets entity; relevant to private markets/RWA distribution; high buyer-fit for FluidRWA,Public website checked; regulatory status must be verified in FINRA BrokerCheck/SEC IAPD or local regulator before publishing,"LPL Financial is a wealth broker-dealer candidate for FluidRWA's broker-dealer and capital distribution category. It may be relevant for wealth channel distribution, with services including advisor network, brokerage, advisory, alternative investment access.",https://www.lpl.com | https://brokercheck.finra.org/ | https://adviserinfo.sec.gov/ | https://www.sipc.org/list-of-members/,Yes,"Verify licensing, active registration, disciplinary history, jurisdiction and whether they accept RWA/tokenization mandates before outreach."
41,Osaic,osaic,https://osaic.com,"Scottsdale, AZ",United States,US independent broker-dealer network,Wealth Broker-Dealer,"Independent advisor platform, brokerage, advisory, insurance, alternatives","Public securities, alternatives, advisory products, private placements where approved",Large advisor distribution network,Sponsors targeting independent financial advisors,"Institutional investors, accredited investors, financial advisors, family offices",Primarily United States,Not publicly standardized; verify with firm,High,regulated/licensed capital markets entity; relevant to private markets/RWA distribution; high buyer-fit for FluidRWA,Public website checked; regulatory status must be verified in FINRA BrokerCheck/SEC IAPD or local regulator before publishing,"Osaic is a wealth broker-dealer candidate for FluidRWA's broker-dealer and capital distribution category. It may be relevant for sponsors targeting independent financial advisors, with services including independent advisor platform, brokerage, advisory, insurance, alternatives.",https://osaic.com | https://brokercheck.finra.org/ | https://adviserinfo.sec.gov/ | https://www.sipc.org/list-of-members/,Yes,"Verify licensing, active registration, disciplinary history, jurisdiction and whether they accept RWA/tokenization mandates before outreach."
42,Cetera Financial Group,cetera-financial-group,https://www.cetera.com,"San Diego, CA",United States,US independent broker-dealer network,Wealth Broker-Dealer,"Advisor platform, broker-dealer services, wealth management, bank/credit union programs","Public securities, alternatives, advisory products, private placements where approved",Large advisor distribution network,Alternative investment sponsors,"Institutional investors, accredited investors, financial advisors, family offices",Primarily United States,Not publicly standardized; verify with firm,High,regulated/licensed capital markets entity; relevant to private markets/RWA distribution; high buyer-fit for FluidRWA,Public website checked; regulatory status must be verified in FINRA BrokerCheck/SEC IAPD or local regulator before publishing,"Cetera Financial Group is a wealth broker-dealer candidate for FluidRWA's broker-dealer and capital distribution category. It may be relevant for alternative investment sponsors, with services including advisor platform, broker-dealer services, wealth management, bank/credit union programs.",https://www.cetera.com | https://brokercheck.finra.org/ | https://adviserinfo.sec.gov/ | https://www.sipc.org/list-of-members/,Yes,"Verify licensing, active registration, disciplinary history, jurisdiction and whether they accept RWA/tokenization mandates before outreach."
43,Raymond James Financial Services,raymond-james-financial-services,https://www.raymondjames.com,"St. Petersburg, FL",United States,US broker-dealer / wealth management,Wealth Broker-Dealer,"Brokerage, advisory, investment banking, wealth management","Public securities, alternatives, advisory products, private placements where approved",Large wealth and capital markets network,"Wealth, family office and advisor access","Institutional investors, accredited investors, financial advisors, family offices",Primarily United States,Not publicly standardized; verify with firm,High,regulated/licensed capital markets entity; relevant to private markets/RWA distribution; high buyer-fit for FluidRWA,Public website checked; regulatory status must be verified in FINRA BrokerCheck/SEC IAPD or local regulator before publishing,"Raymond James Financial Services is a wealth broker-dealer candidate for FluidRWA's broker-dealer and capital distribution category. It may be relevant for wealth, family office and advisor access, with services including brokerage, advisory, investment banking, wealth management.",https://www.raymondjames.com | https://brokercheck.finra.org/ | https://adviserinfo.sec.gov/ | https://www.sipc.org/list-of-members/,Yes,"Verify licensing, active registration, disciplinary history, jurisdiction and whether they accept RWA/tokenization mandates before outreach."
44,Ameriprise Financial,ameriprise-financial,https://www.ameriprise.com,"Minneapolis, MN",United States,US broker-dealer / wealth management,Wealth Broker-Dealer,"Financial planning, brokerage, advisory, retirement, investments","Public securities, alternatives, advisory products, private placements where approved",Large wealth distribution channel,Retail and high-net-worth distribution,"Institutional investors, accredited investors, financial advisors, family offices",Primarily United States,Not publicly standardized; verify with firm,Medium,regulated/licensed capital markets entity; relevant to private markets/RWA distribution,Public website checked; regulatory status must be verified in FINRA BrokerCheck/SEC IAPD or local regulator before publishing,"Ameriprise Financial is a wealth broker-dealer candidate for FluidRWA's broker-dealer and capital distribution category. It may be relevant for retail and high-net-worth distribution, with services including financial planning, brokerage, advisory, retirement, investments.",https://www.ameriprise.com | https://brokercheck.finra.org/ | https://adviserinfo.sec.gov/ | https://www.sipc.org/list-of-members/,Yes,"Verify licensing, active registration, disciplinary history, jurisdiction and whether they accept RWA/tokenization mandates before outreach."
45,Edward Jones,edward-jones,https://www.edwardjones.com,"St. Louis, MO",United States,US broker-dealer / wealth management,Wealth Broker-Dealer,"Financial advisors, brokerage, advisory, retirement planning","Public securities, alternatives, advisory products, private placements where approved",Large retail investor network,Mainstream wealth distribution,"Institutional investors, accredited investors, financial advisors, family offices",Primarily United States,Not publicly standardized; verify with firm,Medium,regulated/licensed capital markets entity; relevant to private markets/RWA distribution,Public website checked; regulatory status must be verified in FINRA BrokerCheck/SEC IAPD or local regulator before publishing,"Edward Jones is a wealth broker-dealer candidate for FluidRWA's broker-dealer and capital distribution category. It may be relevant for mainstream wealth distribution, with services including financial advisors, brokerage, advisory, retirement planning.",https://www.edwardjones.com | https://brokercheck.finra.org/ | https://adviserinfo.sec.gov/ | https://www.sipc.org/list-of-members/,Yes,"Verify licensing, active registration, disciplinary history, jurisdiction and whether they accept RWA/tokenization mandates before outreach."
46,Commonwealth Financial Network,commonwealth-financial-network,https://www.commonwealth.com,"Waltham, MA",United States,US independent broker-dealer,Wealth Broker-Dealer,"Advisor support, brokerage, RIA services, practice management","Public securities, alternatives, advisory products, private placements where approved",Independent advisor distribution,Alternative investment sponsors,"Institutional investors, accredited investors, financial advisors, family offices",Primarily United States,Not publicly standardized; verify with firm,Medium,regulated/licensed capital markets entity; relevant to private markets/RWA distribution,Public website checked; regulatory status must be verified in FINRA BrokerCheck/SEC IAPD or local regulator before publishing,"Commonwealth Financial Network is a wealth broker-dealer candidate for FluidRWA's broker-dealer and capital distribution category. It may be relevant for alternative investment sponsors, with services including advisor support, brokerage, ria services, practice management.",https://www.commonwealth.com | https://brokercheck.finra.org/ | https://adviserinfo.sec.gov/ | https://www.sipc.org/list-of-members/,Yes,"Verify licensing, active registration, disciplinary history, jurisdiction and whether they accept RWA/tokenization mandates before outreach."
47,Cambridge Investment Research,cambridge-investment-research,https://www.joincambridge.com,"Fairfield, IA",United States,US independent broker-dealer,Wealth Broker-Dealer,"Broker-dealer services, RIA support, advisor platform","Public securities, alternatives, advisory products, private placements where approved",Independent advisor distribution,Advisor channel access,"Institutional investors, accredited investors, financial advisors, family offices",Primarily United States,Not publicly standardized; verify with firm,Medium,regulated/licensed capital markets entity; relevant to private markets/RWA distribution,Public website checked; regulatory status must be verified in FINRA BrokerCheck/SEC IAPD or local regulator before publishing,"Cambridge Investment Research is a wealth broker-dealer candidate for FluidRWA's broker-dealer and capital distribution category. It may be relevant for advisor channel access, with services including broker-dealer services, ria support, advisor platform.",https://www.joincambridge.com | https://brokercheck.finra.org/ | https://adviserinfo.sec.gov/ | https://www.sipc.org/list-of-members/,Yes,"Verify licensing, active registration, disciplinary history, jurisdiction and whether they accept RWA/tokenization mandates before outreach."
48,Kestra Financial,kestra-financial,https://www.kestrafinancial.com,"Austin, TX",United States,US independent broker-dealer,Wealth Broker-Dealer,"Advisor platform, brokerage, advisory, wealth technology","Public securities, alternatives, advisory products, private placements where approved",Independent advisor distribution,Alternative investment distribution,"Institutional investors, accredited investors, financial advisors, family offices",Primarily United States,Not publicly standardized; verify with firm,Medium,regulated/licensed capital markets entity; relevant to private markets/RWA distribution,Public website checked; regulatory status must be verified in FINRA BrokerCheck/SEC IAPD or local regulator before publishing,"Kestra Financial is a wealth broker-dealer candidate for FluidRWA's broker-dealer and capital distribution category. It may be relevant for alternative investment distribution, with services including advisor platform, brokerage, advisory, wealth technology.",https://www.kestrafinancial.com | https://brokercheck.finra.org/ | https://adviserinfo.sec.gov/ | https://www.sipc.org/list-of-members/,Yes,"Verify licensing, active registration, disciplinary history, jurisdiction and whether they accept RWA/tokenization mandates before outreach."
49,Sanctuary Wealth,sanctuary-wealth,https://www.sanctuarywealth.com,"Indianapolis, IN",United States,US broker-dealer / RIA platform,Wealth Broker-Dealer,"Partnered independence, wealth management platform, advisor support","Public securities, alternatives, advisory products, private placements where approved",High-net-worth advisor network,Family office and advisor access,"Institutional investors, accredited investors, financial advisors, family offices",Primarily United States,Not publicly standardized; verify with firm,Medium,regulated/licensed capital markets entity; relevant to private markets/RWA distribution,Public website checked; regulatory status must be verified in FINRA BrokerCheck/SEC IAPD or local regulator before publishing,"Sanctuary Wealth is a wealth broker-dealer candidate for FluidRWA's broker-dealer and capital distribution category. It may be relevant for family office and advisor access, with services including partnered independence, wealth management platform, advisor support.",https://www.sanctuarywealth.com | https://brokercheck.finra.org/ | https://adviserinfo.sec.gov/ | https://www.sipc.org/list-of-members/,Yes,"Verify licensing, active registration, disciplinary history, jurisdiction and whether they accept RWA/tokenization mandates before outreach."
50,Rockefeller Capital Management,rockefeller-capital-management,https://www.rockco.com,"New York, NY",United States,US broker-dealer / wealth management,Wealth Broker-Dealer,"Global family office, private wealth, asset management, strategic advisory","Public securities, alternatives, advisory products, private placements where approved",Family office relevance,Ultra-high-net-worth and family office access,"Institutional investors, accredited investors, financial advisors, family offices",Primarily United States,Not publicly standardized; verify with firm,High,regulated/licensed capital markets entity; relevant to private markets/RWA distribution; high buyer-fit for FluidRWA,Public website checked; regulatory status must be verified in FINRA BrokerCheck/SEC IAPD or local regulator before publishing,"Rockefeller Capital Management is a wealth broker-dealer candidate for FluidRWA's broker-dealer and capital distribution category. It may be relevant for ultra-high-net-worth and family office access, with services including global family office, private wealth, asset management, strategic advisory.",https://www.rockco.com | https://brokercheck.finra.org/ | https://adviserinfo.sec.gov/ | https://www.sipc.org/list-of-members/,Yes,"Verify licensing, active registration, disciplinary history, jurisdiction and whether they accept RWA/tokenization mandates before outreach."
51,Stifel Independent Advisors,stifel-independent-advisors,https://www.stifelindependentadvisors.com,"St. Louis, MO",United States,US broker-dealer / wealth platform,Wealth Broker-Dealer,Independent advisor platform backed by Stifel,"Public securities, alternatives, advisory products, private placements where approved",Advisor distribution and capital markets access,Independent financial advisors,"Institutional investors, accredited investors, financial advisors, family offices",Primarily United States,Not publicly standardized; verify with firm,Medium,regulated/licensed capital markets entity; relevant to private markets/RWA distribution,Public website checked; regulatory status must be verified in FINRA BrokerCheck/SEC IAPD or local regulator before publishing,"Stifel Independent Advisors is a wealth broker-dealer candidate for FluidRWA's broker-dealer and capital distribution category. It may be relevant for independent financial advisors, with services including independent advisor platform backed by stifel.",https://www.stifelindependentadvisors.com | https://brokercheck.finra.org/ | https://adviserinfo.sec.gov/ | https://www.sipc.org/list-of-members/,Yes,"Verify licensing, active registration, disciplinary history, jurisdiction and whether they accept RWA/tokenization mandates before outreach."
52,Baird,baird,https://www.rwbaird.com,"Milwaukee, WI",United States,US broker-dealer / wealth and investment bank,Wealth Broker-Dealer,"Private wealth, institutional equities, fixed income, investment banking","Public securities, alternatives, advisory products, private placements where approved",Wealth and capital markets distribution,Wealth and middle-market capital markets,"Institutional investors, accredited investors, financial advisors, family offices",Primarily United States,Not publicly standardized; verify with firm,Medium,regulated/licensed capital markets entity; relevant to private markets/RWA distribution,Public website checked; regulatory status must be verified in FINRA BrokerCheck/SEC IAPD or local regulator before publishing,"Baird is a wealth broker-dealer candidate for FluidRWA's broker-dealer and capital distribution category. It may be relevant for wealth and middle-market capital markets, with services including private wealth, institutional equities, fixed income, investment banking.",https://www.rwbaird.com | https://brokercheck.finra.org/ | https://adviserinfo.sec.gov/ | https://www.sipc.org/list-of-members/,Yes,"Verify licensing, active registration, disciplinary history, jurisdiction and whether they accept RWA/tokenization mandates before outreach."
53,Janney Montgomery Scott,janney-montgomery-scott,https://www.janney.com,"Philadelphia, PA",United States,US broker-dealer / wealth management,Wealth Broker-Dealer,"Wealth management, capital markets, financial advisory","Public securities, alternatives, advisory products, private placements where approved",Regional wealth and capital markets platform,High-net-worth and regional advisor access,"Institutional investors, accredited investors, financial advisors, family offices",Primarily United States,Not publicly standardized; verify with firm,Medium,regulated/licensed capital markets entity; relevant to private markets/RWA distribution,Public website checked; regulatory status must be verified in FINRA BrokerCheck/SEC IAPD or local regulator before publishing,"Janney Montgomery Scott is a wealth broker-dealer candidate for FluidRWA's broker-dealer and capital distribution category. It may be relevant for high-net-worth and regional advisor access, with services including wealth management, capital markets, financial advisory.",https://www.janney.com | https://brokercheck.finra.org/ | https://adviserinfo.sec.gov/ | https://www.sipc.org/list-of-members/,Yes,"Verify licensing, active registration, disciplinary history, jurisdiction and whether they accept RWA/tokenization mandates before outreach."
54,RBC Wealth Management US,rbc-wealth-management-us,https://www.rbcwealthmanagement.com,"Minneapolis, MN",United States,US broker-dealer / bank-owned wealth,Wealth Broker-Dealer,"Wealth management, brokerage, advisory, banking access","Public securities, alternatives, advisory products, private placements where approved",Global bank-owned wealth channel,Wealth distribution and HNW investors,"Institutional investors, accredited investors, financial advisors, family offices",Primarily United States,Not publicly standardized; verify with firm,Medium,regulated/licensed capital markets entity; relevant to private markets/RWA distribution,Public website checked; regulatory status must be verified in FINRA BrokerCheck/SEC IAPD or local regulator before publishing,"RBC Wealth Management US is a wealth broker-dealer candidate for FluidRWA's broker-dealer and capital distribution category. It may be relevant for wealth distribution and hnw investors, with services including wealth management, brokerage, advisory, banking access.",https://www.rbcwealthmanagement.com | https://brokercheck.finra.org/ | https://adviserinfo.sec.gov/ | https://www.sipc.org/list-of-members/,Yes,"Verify licensing, active registration, disciplinary history, jurisdiction and whether they accept RWA/tokenization mandates before outreach."
55,UBS Wealth Management,ubs-wealth-management,https://www.ubs.com,Zurich,Switzerland,Global broker-dealer / bank-owned wealth,Wealth Broker-Dealer,"Global wealth management, brokerage, advisory, family office services","Public securities, alternatives, advisory products, private placements where approved",Global wealth and family office access,UHNW and family office distribution,"Institutional investors, accredited investors, financial advisors, family offices",Primarily Switzerland,Not publicly standardized; verify with firm,High,regulated/licensed capital markets entity; relevant to private markets/RWA distribution; high buyer-fit for FluidRWA,Public website checked; regulatory status must be verified in FINRA BrokerCheck/SEC IAPD or local regulator before publishing,"UBS Wealth Management is a wealth broker-dealer candidate for FluidRWA's broker-dealer and capital distribution category. It may be relevant for uhnw and family office distribution, with services including global wealth management, brokerage, advisory, family office services.",https://www.ubs.com | https://brokercheck.finra.org/ | https://adviserinfo.sec.gov/ | https://www.sipc.org/list-of-members/,Yes,"Verify licensing, active registration, disciplinary history, jurisdiction and whether they accept RWA/tokenization mandates before outreach."
56,Morgan Stanley Wealth Management,morgan-stanley-wealth-management,https://www.morganstanley.com,"New York, NY",United States,US broker-dealer / wealth management,Wealth Broker-Dealer,"Wealth management, brokerage, alternatives, capital markets","Public securities, alternatives, advisory products, private placements where approved",Major wealth and alternatives distribution channel,Institutional sponsors seeking wealth channels,"Institutional investors, accredited investors, financial advisors, family offices",Primarily United States,Not publicly standardized; verify with firm,High,regulated/licensed capital markets entity; relevant to private markets/RWA distribution; high buyer-fit for FluidRWA,Public website checked; regulatory status must be verified in FINRA BrokerCheck/SEC IAPD or local regulator before publishing,"Morgan Stanley Wealth Management is a wealth broker-dealer candidate for FluidRWA's broker-dealer and capital distribution category. It may be relevant for institutional sponsors seeking wealth channels, with services including wealth management, brokerage, alternatives, capital markets.",https://www.morganstanley.com | https://brokercheck.finra.org/ | https://adviserinfo.sec.gov/ | https://www.sipc.org/list-of-members/,Yes,"Verify licensing, active registration, disciplinary history, jurisdiction and whether they accept RWA/tokenization mandates before outreach."
57,Merrill Lynch / Bank of America Securities,merrill-lynch-bank-of-america-securities,https://www.ml.com,"New York, NY",United States,US broker-dealer / bank-owned wealth,Wealth Broker-Dealer,"Wealth management, brokerage, banking, investments","Public securities, alternatives, advisory products, private placements where approved",Major wealth distribution platform,Large asset managers and alternatives,"Institutional investors, accredited investors, financial advisors, family offices",Primarily United States,Not publicly standardized; verify with firm,High,regulated/licensed capital markets entity; relevant to private markets/RWA distribution; high buyer-fit for FluidRWA,Public website checked; regulatory status must be verified in FINRA BrokerCheck/SEC IAPD or local regulator before publishing,"Merrill Lynch / Bank of America Securities is a wealth broker-dealer candidate for FluidRWA's broker-dealer and capital distribution category. It may be relevant for large asset managers and alternatives, with services including wealth management, brokerage, banking, investments.",https://www.ml.com | https://brokercheck.finra.org/ | https://adviserinfo.sec.gov/ | https://www.sipc.org/list-of-members/,Yes,"Verify licensing, active registration, disciplinary history, jurisdiction and whether they accept RWA/tokenization mandates before outreach."
58,Wells Fargo Advisors,wells-fargo-advisors,https://www.wellsfargoadvisors.com,"St. Louis, MO",United States,US broker-dealer / wealth management,Wealth Broker-Dealer,"Financial advisors, brokerage, advisory, banking integration","Public securities, alternatives, advisory products, private placements where approved",Large US wealth channel,Traditional investor distribution,"Institutional investors, accredited investors, financial advisors, family offices",Primarily United States,Not publicly standardized; verify with firm,Medium,regulated/licensed capital markets entity; relevant to private markets/RWA distribution,Public website checked; regulatory status must be verified in FINRA BrokerCheck/SEC IAPD or local regulator before publishing,"Wells Fargo Advisors is a wealth broker-dealer candidate for FluidRWA's broker-dealer and capital distribution category. It may be relevant for traditional investor distribution, with services including financial advisors, brokerage, advisory, banking integration.",https://www.wellsfargoadvisors.com | https://brokercheck.finra.org/ | https://adviserinfo.sec.gov/ | https://www.sipc.org/list-of-members/,Yes,"Verify licensing, active registration, disciplinary history, jurisdiction and whether they accept RWA/tokenization mandates before outreach."
59,Fidelity Brokerage Services,fidelity-brokerage-services,https://www.fidelity.com,"Boston, MA",United States,US broker-dealer / brokerage platform,Retail/Institutional Brokerage,"Brokerage, custody, wealth, institutional clearing, alternatives marketplace","Public securities, alternatives, advisory products, private placements where approved",Major brokerage/custody infrastructure,Distribution and custody ecosystem mapping,"Institutional investors, accredited investors, financial advisors, family offices",Primarily United States,Not publicly standardized; verify with firm,Medium,regulated/licensed capital markets entity,Public website checked; regulatory status must be verified in FINRA BrokerCheck/SEC IAPD or local regulator before publishing,"Fidelity Brokerage Services is a retail/institutional brokerage candidate for FluidRWA's broker-dealer and capital distribution category. It may be relevant for distribution and custody ecosystem mapping, with services including brokerage, custody, wealth, institutional clearing, alternatives marketplace.",https://www.fidelity.com | https://brokercheck.finra.org/ | https://adviserinfo.sec.gov/ | https://www.sipc.org/list-of-members/,Yes,"Verify licensing, active registration, disciplinary history, jurisdiction and whether they accept RWA/tokenization mandates before outreach."
60,Charles Schwab,charles-schwab,https://www.schwab.com,"Westlake, TX",United States,US broker-dealer / brokerage platform,Retail/Institutional Brokerage,"Brokerage, custody, RIA custody, advisor services","Public securities, alternatives, advisory products, private placements where approved",Major advisor custody and brokerage platform,RIA and wealth access,"Institutional investors, accredited investors, financial advisors, family offices",Primarily United States,Not publicly standardized; verify with firm,Medium,regulated/licensed capital markets entity,Public website checked; regulatory status must be verified in FINRA BrokerCheck/SEC IAPD or local regulator before publishing,"Charles Schwab is a retail/institutional brokerage candidate for FluidRWA's broker-dealer and capital distribution category. It may be relevant for ria and wealth access, with services including brokerage, custody, ria custody, advisor services.",https://www.schwab.com | https://brokercheck.finra.org/ | https://adviserinfo.sec.gov/ | https://www.sipc.org/list-of-members/,Yes,"Verify licensing, active registration, disciplinary history, jurisdiction and whether they accept RWA/tokenization mandates before outreach."
61,Pershing / BNY,pershing-bny,https://www.pershing.com,"Jersey City, NJ",United States,US clearing broker-dealer / custody,Clearing Broker-Dealer,"Clearing, custody, investment solutions, broker-dealer infrastructure","Private securities, funds, alternatives, capital markets, real-world assets where applicable",Key brokerage infrastructure layer,"Broker-dealers, RIAs and fintech platforms","Institutional investors, accredited investors, financial advisors, family offices",Primarily United States,Not publicly standardized; verify with firm,High,regulated/licensed capital markets entity; high buyer-fit for FluidRWA,Public website checked; regulatory status must be verified in FINRA BrokerCheck/SEC IAPD or local regulator before publishing,"Pershing / BNY is a clearing broker-dealer candidate for FluidRWA's broker-dealer and capital distribution category. It may be relevant for broker-dealers, rias and fintech platforms, with services including clearing, custody, investment solutions, broker-dealer infrastructure.",https://www.pershing.com | https://brokercheck.finra.org/ | https://adviserinfo.sec.gov/ | https://www.sipc.org/list-of-members/,Yes,"Verify licensing, active registration, disciplinary history, jurisdiction and whether they accept RWA/tokenization mandates before outreach."
62,Goldman Sachs,goldman-sachs,https://www.goldmansachs.com,"New York, NY",United States,Global investment bank / broker-dealer entities,Investment Bank,"Investment banking, securities, asset management, alternatives, capital markets","Private equity, private credit, real estate, infrastructure, corporate finance, debt/equity offerings",Tokenization initiatives and institutional securities relevance,Large institutional issuers,"Institutional investors, accredited investors, financial advisors, family offices",Primarily United States,Not publicly standardized; verify with firm,High,regulated/licensed capital markets entity; relevant to private markets/RWA distribution; high buyer-fit for FluidRWA,Public website checked; regulatory status must be verified in FINRA BrokerCheck/SEC IAPD or local regulator before publishing,"Goldman Sachs is a investment bank candidate for FluidRWA's broker-dealer and capital distribution category. It may be relevant for large institutional issuers, with services including investment banking, securities, asset management, alternatives, capital markets.",https://www.goldmansachs.com | https://brokercheck.finra.org/ | https://adviserinfo.sec.gov/ | https://www.sipc.org/list-of-members/,Yes,"Verify licensing, active registration, disciplinary history, jurisdiction and whether they accept RWA/tokenization mandates before outreach."
63,J.P. Morgan Securities,j-p-morgan-securities,https://www.jpmorgan.com,"New York, NY",United States,Global bank broker-dealer entities,Investment Bank,"Investment banking, markets, wealth, asset management, tokenized collateral initiatives","Private equity, private credit, real estate, infrastructure, corporate finance, debt/equity offerings",Strong blockchain/tokenization relevance,Large institutional and fund issuers,"Institutional investors, accredited investors, financial advisors, family offices",Primarily United States,Not publicly standardized; verify with firm,High,regulated/licensed capital markets entity; relevant to private markets/RWA distribution; high buyer-fit for FluidRWA,Public website checked; regulatory status must be verified in FINRA BrokerCheck/SEC IAPD or local regulator before publishing,"J.P. Morgan Securities is a investment bank candidate for FluidRWA's broker-dealer and capital distribution category. It may be relevant for large institutional and fund issuers, with services including investment banking, markets, wealth, asset management, tokenized collateral initiatives.",https://www.jpmorgan.com | https://brokercheck.finra.org/ | https://adviserinfo.sec.gov/ | https://www.sipc.org/list-of-members/,Yes,"Verify licensing, active registration, disciplinary history, jurisdiction and whether they accept RWA/tokenization mandates before outreach."
64,Morgan Stanley,morgan-stanley,https://www.morganstanley.com,"New York, NY",United States,Global investment bank / broker-dealer,Investment Bank,"Investment banking, sales & trading, wealth, asset management","Private equity, private credit, real estate, infrastructure, corporate finance, debt/equity offerings",Institutional distribution and wealth network,Large asset managers and corporates,"Institutional investors, accredited investors, financial advisors, family offices",Primarily United States,Not publicly standardized; verify with firm,High,regulated/licensed capital markets entity; relevant to private markets/RWA distribution; high buyer-fit for FluidRWA,Public website checked; regulatory status must be verified in FINRA BrokerCheck/SEC IAPD or local regulator before publishing,"Morgan Stanley is a investment bank candidate for FluidRWA's broker-dealer and capital distribution category. It may be relevant for large asset managers and corporates, with services including investment banking, sales & trading, wealth, asset management.",https://www.morganstanley.com | https://brokercheck.finra.org/ | https://adviserinfo.sec.gov/ | https://www.sipc.org/list-of-members/,Yes,"Verify licensing, active registration, disciplinary history, jurisdiction and whether they accept RWA/tokenization mandates before outreach."
65,BofA Securities,bofa-securities,https://business.bofa.com,"New York, NY",United States,Global investment bank / broker-dealer,Investment Bank,"Investment banking, capital markets, sales & trading, research","Private equity, private credit, real estate, infrastructure, corporate finance, debt/equity offerings",Large-scale institutional distribution,Large issuers and asset managers,"Institutional investors, accredited investors, financial advisors, family offices",Primarily United States,Not publicly standardized; verify with firm,High,regulated/licensed capital markets entity; relevant to private markets/RWA distribution; high buyer-fit for FluidRWA,Public website checked; regulatory status must be verified in FINRA BrokerCheck/SEC IAPD or local regulator before publishing,"BofA Securities is a investment bank candidate for FluidRWA's broker-dealer and capital distribution category. It may be relevant for large issuers and asset managers, with services including investment banking, capital markets, sales & trading, research.",https://business.bofa.com | https://brokercheck.finra.org/ | https://adviserinfo.sec.gov/ | https://www.sipc.org/list-of-members/,Yes,"Verify licensing, active registration, disciplinary history, jurisdiction and whether they accept RWA/tokenization mandates before outreach."
66,Citi Global Markets,citi-global-markets,https://www.citigroup.com,"New York, NY",United States,Global bank broker-dealer entities,Investment Bank,"Capital markets, investment banking, securities services, markets","Private equity, private credit, real estate, infrastructure, corporate finance, debt/equity offerings",Institutional and cross-border distribution,Global issuers and financial institutions,"Institutional investors, accredited investors, financial advisors, family offices",Primarily United States,Not publicly standardized; verify with firm,High,regulated/licensed capital markets entity; relevant to private markets/RWA distribution; high buyer-fit for FluidRWA,Public website checked; regulatory status must be verified in FINRA BrokerCheck/SEC IAPD or local regulator before publishing,"Citi Global Markets is a investment bank candidate for FluidRWA's broker-dealer and capital distribution category. It may be relevant for global issuers and financial institutions, with services including capital markets, investment banking, securities services, markets.",https://www.citigroup.com | https://brokercheck.finra.org/ | https://adviserinfo.sec.gov/ | https://www.sipc.org/list-of-members/,Yes,"Verify licensing, active registration, disciplinary history, jurisdiction and whether they accept RWA/tokenization mandates before outreach."
67,Barclays Investment Bank,barclays-investment-bank,https://www.barclayscorporate.com,London,United Kingdom,Global investment bank / regulated dealer entities,Investment Bank,"Investment banking, markets, financing, research","Private equity, private credit, real estate, infrastructure, corporate finance, debt/equity offerings",Institutional capital markets distribution,Large corporate and institutional issuers,"Institutional investors, accredited investors, financial advisors, family offices",Primarily United Kingdom,Not publicly standardized; verify with firm,Medium,regulated/licensed capital markets entity; relevant to private markets/RWA distribution,Public website checked; regulatory status must be verified in FINRA BrokerCheck/SEC IAPD or local regulator before publishing,"Barclays Investment Bank is a investment bank candidate for FluidRWA's broker-dealer and capital distribution category. It may be relevant for large corporate and institutional issuers, with services including investment banking, markets, financing, research.",https://www.barclayscorporate.com | https://brokercheck.finra.org/ | https://adviserinfo.sec.gov/ | https://www.sipc.org/list-of-members/,Yes,"Verify licensing, active registration, disciplinary history, jurisdiction and whether they accept RWA/tokenization mandates before outreach."
68,Deutsche Bank Securities,deutsche-bank-securities,https://www.db.com,Frankfurt,Germany,Global bank broker-dealer entities,Investment Bank,"Investment banking, corporate banking, fixed income, currencies","Private equity, private credit, real estate, infrastructure, corporate finance, debt/equity offerings",Global institutional distribution,Cross-border institutional issuers,"Institutional investors, accredited investors, financial advisors, family offices",Primarily Germany,Not publicly standardized; verify with firm,Medium,regulated/licensed capital markets entity; relevant to private markets/RWA distribution,Public website checked; regulatory status must be verified in FINRA BrokerCheck/SEC IAPD or local regulator before publishing,"Deutsche Bank Securities is a investment bank candidate for FluidRWA's broker-dealer and capital distribution category. It may be relevant for cross-border institutional issuers, with services including investment banking, corporate banking, fixed income, currencies.",https://www.db.com | https://brokercheck.finra.org/ | https://adviserinfo.sec.gov/ | https://www.sipc.org/list-of-members/,Yes,"Verify licensing, active registration, disciplinary history, jurisdiction and whether they accept RWA/tokenization mandates before outreach."
69,HSBC Global Banking and Markets,hsbc-global-banking-and-markets,https://www.gbm.hsbc.com,London,United Kingdom,Global bank broker-dealer entities,Investment Bank,"Global banking, markets, securities services, private banking","Private equity, private credit, real estate, infrastructure, corporate finance, debt/equity offerings",Asia/Europe cross-border relevance,Global issuers needing Asia/Europe capital,"Institutional investors, accredited investors, financial advisors, family offices",Primarily United Kingdom,Not publicly standardized; verify with firm,Medium,regulated/licensed capital markets entity; relevant to private markets/RWA distribution,Public website checked; regulatory status must be verified in FINRA BrokerCheck/SEC IAPD or local regulator before publishing,"HSBC Global Banking and Markets is a investment bank candidate for FluidRWA's broker-dealer and capital distribution category. It may be relevant for global issuers needing asia/europe capital, with services including global banking, markets, securities services, private banking.",https://www.gbm.hsbc.com | https://brokercheck.finra.org/ | https://adviserinfo.sec.gov/ | https://www.sipc.org/list-of-members/,Yes,"Verify licensing, active registration, disciplinary history, jurisdiction and whether they accept RWA/tokenization mandates before outreach."
70,BNP Paribas Securities,bnp-paribas-securities,https://cib.bnpparibas,Paris,France,Global bank broker-dealer entities,Investment Bank,"Global markets, securities services, investment banking","Private equity, private credit, real estate, infrastructure, corporate finance, debt/equity offerings",European institutional distribution,European and global issuers,"Institutional investors, accredited investors, financial advisors, family offices",Primarily France,Not publicly standardized; verify with firm,Medium,regulated/licensed capital markets entity; relevant to private markets/RWA distribution,Public website checked; regulatory status must be verified in FINRA BrokerCheck/SEC IAPD or local regulator before publishing,"BNP Paribas Securities is a investment bank candidate for FluidRWA's broker-dealer and capital distribution category. It may be relevant for european and global issuers, with services including global markets, securities services, investment banking.",https://cib.bnpparibas | https://brokercheck.finra.org/ | https://adviserinfo.sec.gov/ | https://www.sipc.org/list-of-members/,Yes,"Verify licensing, active registration, disciplinary history, jurisdiction and whether they accept RWA/tokenization mandates before outreach."
71,Societe Generale CIB,societe-generale-cib,https://wholesale.banking.societegenerale.com,Paris,France,Global bank broker-dealer entities,Investment Bank,"Investment banking, markets, securities services, structured finance","Private equity, private credit, real estate, infrastructure, corporate finance, debt/equity offerings",European capital markets distribution,European institutional issuers,"Institutional investors, accredited investors, financial advisors, family offices",Primarily France,Not publicly standardized; verify with firm,Medium,regulated/licensed capital markets entity; relevant to private markets/RWA distribution,Public website checked; regulatory status must be verified in FINRA BrokerCheck/SEC IAPD or local regulator before publishing,"Societe Generale CIB is a investment bank candidate for FluidRWA's broker-dealer and capital distribution category. It may be relevant for european institutional issuers, with services including investment banking, markets, securities services, structured finance.",https://wholesale.banking.societegenerale.com | https://brokercheck.finra.org/ | https://adviserinfo.sec.gov/ | https://www.sipc.org/list-of-members/,Yes,"Verify licensing, active registration, disciplinary history, jurisdiction and whether they accept RWA/tokenization mandates before outreach."
72,Jefferies,jefferies,https://www.jefferies.com,"New York, NY",United States,Global investment bank / broker-dealer,Investment Bank,"Investment banking, equities, fixed income, capital markets","Private equity, private credit, real estate, infrastructure, corporate finance, debt/equity offerings",Strong middle-market and institutional distribution,Growth companies and asset managers,"Institutional investors, accredited investors, financial advisors, family offices",Primarily United States,Not publicly standardized; verify with firm,High,regulated/licensed capital markets entity; relevant to private markets/RWA distribution; high buyer-fit for FluidRWA,Public website checked; regulatory status must be verified in FINRA BrokerCheck/SEC IAPD or local regulator before publishing,"Jefferies is a investment bank candidate for FluidRWA's broker-dealer and capital distribution category. It may be relevant for growth companies and asset managers, with services including investment banking, equities, fixed income, capital markets.",https://www.jefferies.com | https://brokercheck.finra.org/ | https://adviserinfo.sec.gov/ | https://www.sipc.org/list-of-members/,Yes,"Verify licensing, active registration, disciplinary history, jurisdiction and whether they accept RWA/tokenization mandates before outreach."
73,Cantor Fitzgerald,cantor-fitzgerald,https://www.cantor.com,"New York, NY",United States,Broker-dealer / investment bank,Investment Bank,"Capital markets, investment banking, fixed income, prime brokerage","Private equity, private credit, real estate, infrastructure, corporate finance, debt/equity offerings",Digital asset/tokenization adjacency through market activity,Institutional issuers and trading,"Institutional investors, accredited investors, financial advisors, family offices",Primarily United States,Not publicly standardized; verify with firm,High,regulated/licensed capital markets entity; relevant to private markets/RWA distribution; high buyer-fit for FluidRWA,Public website checked; regulatory status must be verified in FINRA BrokerCheck/SEC IAPD or local regulator before publishing,"Cantor Fitzgerald is a investment bank candidate for FluidRWA's broker-dealer and capital distribution category. It may be relevant for institutional issuers and trading, with services including capital markets, investment banking, fixed income, prime brokerage.",https://www.cantor.com | https://brokercheck.finra.org/ | https://adviserinfo.sec.gov/ | https://www.sipc.org/list-of-members/,Yes,"Verify licensing, active registration, disciplinary history, jurisdiction and whether they accept RWA/tokenization mandates before outreach."
74,Piper Sandler,piper-sandler,https://www.pipersandler.com,"Minneapolis, MN",United States,Investment bank / broker-dealer,Investment Bank,"Investment banking, public finance, equities, fixed income","Private equity, private credit, real estate, infrastructure, corporate finance, debt/equity offerings",Middle-market capital markets,"Financial services, fintech and healthcare issuers","Institutional investors, accredited investors, financial advisors, family offices",Primarily United States,Not publicly standardized; verify with firm,Medium,regulated/licensed capital markets entity; relevant to private markets/RWA distribution,Public website checked; regulatory status must be verified in FINRA BrokerCheck/SEC IAPD or local regulator before publishing,"Piper Sandler is a investment bank candidate for FluidRWA's broker-dealer and capital distribution category. It may be relevant for financial services, fintech and healthcare issuers, with services including investment banking, public finance, equities, fixed income.",https://www.pipersandler.com | https://brokercheck.finra.org/ | https://adviserinfo.sec.gov/ | https://www.sipc.org/list-of-members/,Yes,"Verify licensing, active registration, disciplinary history, jurisdiction and whether they accept RWA/tokenization mandates before outreach."
75,Guggenheim Securities,guggenheim-securities,https://www.guggenheimsecurities.com,"New York, NY",United States,Investment bank / broker-dealer,Investment Bank,"Investment banking, capital markets, advisory, sales and trading","Private equity, private credit, real estate, infrastructure, corporate finance, debt/equity offerings",Institutional capital markets distribution,Middle-market and large issuers,"Institutional investors, accredited investors, financial advisors, family offices",Primarily United States,Not publicly standardized; verify with firm,Medium,regulated/licensed capital markets entity; relevant to private markets/RWA distribution,Public website checked; regulatory status must be verified in FINRA BrokerCheck/SEC IAPD or local regulator before publishing,"Guggenheim Securities is a investment bank candidate for FluidRWA's broker-dealer and capital distribution category. It may be relevant for middle-market and large issuers, with services including investment banking, capital markets, advisory, sales and trading.",https://www.guggenheimsecurities.com | https://brokercheck.finra.org/ | https://adviserinfo.sec.gov/ | https://www.sipc.org/list-of-members/,Yes,"Verify licensing, active registration, disciplinary history, jurisdiction and whether they accept RWA/tokenization mandates before outreach."
76,RBC Capital Markets,rbc-capital-markets,https://www.rbccm.com,Toronto,Canada,Global bank broker-dealer entities,Investment Bank,"Investment banking, markets, fixed income, equities, advisory","Private equity, private credit, real estate, infrastructure, corporate finance, debt/equity offerings",North American/global distribution,Institutional issuers,"Institutional investors, accredited investors, financial advisors, family offices",Primarily Canada,Not publicly standardized; verify with firm,Medium,regulated/licensed capital markets entity; relevant to private markets/RWA distribution,Public website checked; regulatory status must be verified in FINRA BrokerCheck/SEC IAPD or local regulator before publishing,"RBC Capital Markets is a investment bank candidate for FluidRWA's broker-dealer and capital distribution category. It may be relevant for institutional issuers, with services including investment banking, markets, fixed income, equities, advisory.",https://www.rbccm.com | https://brokercheck.finra.org/ | https://adviserinfo.sec.gov/ | https://www.sipc.org/list-of-members/,Yes,"Verify licensing, active registration, disciplinary history, jurisdiction and whether they accept RWA/tokenization mandates before outreach."
77,BMO Capital Markets,bmo-capital-markets,https://capitalmarkets.bmo.com,Toronto,Canada,Global bank broker-dealer entities,Investment Bank,"Investment banking, markets, treasury, research","Private equity, private credit, real estate, infrastructure, corporate finance, debt/equity offerings",North American/global distribution,Institutional and middle-market issuers,"Institutional investors, accredited investors, financial advisors, family offices",Primarily Canada,Not publicly standardized; verify with firm,Medium,regulated/licensed capital markets entity; relevant to private markets/RWA distribution,Public website checked; regulatory status must be verified in FINRA BrokerCheck/SEC IAPD or local regulator before publishing,"BMO Capital Markets is a investment bank candidate for FluidRWA's broker-dealer and capital distribution category. It may be relevant for institutional and middle-market issuers, with services including investment banking, markets, treasury, research.",https://capitalmarkets.bmo.com | https://brokercheck.finra.org/ | https://adviserinfo.sec.gov/ | https://www.sipc.org/list-of-members/,Yes,"Verify licensing, active registration, disciplinary history, jurisdiction and whether they accept RWA/tokenization mandates before outreach."
78,Mizuho Securities,mizuho-securities,https://www.mizuhogroup.com,Tokyo,Japan,Global bank broker-dealer entities,Investment Bank,"Investment banking, capital markets, sales and trading","Private equity, private credit, real estate, infrastructure, corporate finance, debt/equity offerings",Japan/US institutional distribution,Cross-border issuers,"Institutional investors, accredited investors, financial advisors, family offices",Primarily Japan,Not publicly standardized; verify with firm,Medium,regulated/licensed capital markets entity; relevant to private markets/RWA distribution,Public website checked; regulatory status must be verified in FINRA BrokerCheck/SEC IAPD or local regulator before publishing,"Mizuho Securities is a investment bank candidate for FluidRWA's broker-dealer and capital distribution category. It may be relevant for cross-border issuers, with services including investment banking, capital markets, sales and trading.",https://www.mizuhogroup.com | https://brokercheck.finra.org/ | https://adviserinfo.sec.gov/ | https://www.sipc.org/list-of-members/,Yes,"Verify licensing, active registration, disciplinary history, jurisdiction and whether they accept RWA/tokenization mandates before outreach."
79,Nomura Securities,nomura-securities,https://www.nomura.com,Tokyo,Japan,Global broker-dealer / investment bank,Investment Bank,"Investment banking, global markets, wealth management","Private equity, private credit, real estate, infrastructure, corporate finance, debt/equity offerings",Asia and global capital markets distribution,Asia-focused institutional issuers,"Institutional investors, accredited investors, financial advisors, family offices",Primarily Japan,Not publicly standardized; verify with firm,Medium,regulated/licensed capital markets entity; relevant to private markets/RWA distribution,Public website checked; regulatory status must be verified in FINRA BrokerCheck/SEC IAPD or local regulator before publishing,"Nomura Securities is a investment bank candidate for FluidRWA's broker-dealer and capital distribution category. It may be relevant for asia-focused institutional issuers, with services including investment banking, global markets, wealth management.",https://www.nomura.com | https://brokercheck.finra.org/ | https://adviserinfo.sec.gov/ | https://www.sipc.org/list-of-members/,Yes,"Verify licensing, active registration, disciplinary history, jurisdiction and whether they accept RWA/tokenization mandates before outreach."
80,SMBC Nikko Securities,smbc-nikko-securities,https://www.smbcnikko.co.jp/en,Tokyo,Japan,Broker-dealer / securities company,Investment Bank,"Investment banking, securities brokerage, capital markets","Private equity, private credit, real estate, infrastructure, corporate finance, debt/equity offerings",Japan capital markets access,Japan and Asia issuers,"Institutional investors, accredited investors, financial advisors, family offices",Primarily Japan,Not publicly standardized; verify with firm,Medium,regulated/licensed capital markets entity; relevant to private markets/RWA distribution,Public website checked; regulatory status must be verified in FINRA BrokerCheck/SEC IAPD or local regulator before publishing,"SMBC Nikko Securities is a investment bank candidate for FluidRWA's broker-dealer and capital distribution category. It may be relevant for japan and asia issuers, with services including investment banking, securities brokerage, capital markets.",https://www.smbcnikko.co.jp/en | https://brokercheck.finra.org/ | https://adviserinfo.sec.gov/ | https://www.sipc.org/list-of-members/,Yes,"Verify licensing, active registration, disciplinary history, jurisdiction and whether they accept RWA/tokenization mandates before outreach."
81,Macquarie Capital,macquarie-capital,https://www.macquarie.com,Sydney,Australia,Global financial services / securities entities,Investment Bank,"Infrastructure, renewables, advisory, capital markets, asset management","Private equity, private credit, real estate, infrastructure, corporate finance, debt/equity offerings",Real asset and infrastructure relevance,Infrastructure and real asset issuers,"Institutional investors, accredited investors, financial advisors, family offices",Primarily Australia,Not publicly standardized; verify with firm,High,regulated/licensed capital markets entity; relevant to private markets/RWA distribution; high buyer-fit for FluidRWA,Public website checked; regulatory status must be verified in FINRA BrokerCheck/SEC IAPD or local regulator before publishing,"Macquarie Capital is a investment bank candidate for FluidRWA's broker-dealer and capital distribution category. It may be relevant for infrastructure and real asset issuers, with services including infrastructure, renewables, advisory, capital markets, asset management.",https://www.macquarie.com | https://brokercheck.finra.org/ | https://adviserinfo.sec.gov/ | https://www.sipc.org/list-of-members/,Yes,"Verify licensing, active registration, disciplinary history, jurisdiction and whether they accept RWA/tokenization mandates before outreach."
82,Houlihan Lokey,houlihan-lokey,https://hl.com,"Los Angeles, CA",United States,Investment bank / broker-dealer entities,Boutique Investment Bank,"M&A, capital markets, restructuring, valuation","Private equity, private credit, real estate, infrastructure, corporate finance, debt/equity offerings",Private capital and middle-market relevance,Middle-market companies and funds,"Institutional investors, accredited investors, financial advisors, family offices",Primarily United States,Not publicly standardized; verify with firm,Medium,regulated/licensed capital markets entity; relevant to private markets/RWA distribution,Public website checked; regulatory status must be verified in FINRA BrokerCheck/SEC IAPD or local regulator before publishing,"Houlihan Lokey is a boutique investment bank candidate for FluidRWA's broker-dealer and capital distribution category. It may be relevant for middle-market companies and funds, with services including m&a, capital markets, restructuring, valuation.",https://hl.com | https://brokercheck.finra.org/ | https://adviserinfo.sec.gov/ | https://www.sipc.org/list-of-members/,Yes,"Verify licensing, active registration, disciplinary history, jurisdiction and whether they accept RWA/tokenization mandates before outreach."
83,Evercore,evercore,https://www.evercore.com,"New York, NY",United States,Investment bank / broker-dealer entities,Boutique Investment Bank,"Advisory, capital markets, private funds, wealth management","Private equity, private credit, real estate, infrastructure, corporate finance, debt/equity offerings",Institutional private markets distribution,Large and mid-market issuers,"Institutional investors, accredited investors, financial advisors, family offices",Primarily United States,Not publicly standardized; verify with firm,High,regulated/licensed capital markets entity; relevant to private markets/RWA distribution; high buyer-fit for FluidRWA,Public website checked; regulatory status must be verified in FINRA BrokerCheck/SEC IAPD or local regulator before publishing,"Evercore is a boutique investment bank candidate for FluidRWA's broker-dealer and capital distribution category. It may be relevant for large and mid-market issuers, with services including advisory, capital markets, private funds, wealth management.",https://www.evercore.com | https://brokercheck.finra.org/ | https://adviserinfo.sec.gov/ | https://www.sipc.org/list-of-members/,Yes,"Verify licensing, active registration, disciplinary history, jurisdiction and whether they accept RWA/tokenization mandates before outreach."
84,Lazard,lazard,https://www.lazard.com,"New York, NY",United States,Investment bank / regulated entities,Boutique Investment Bank,"Financial advisory, asset management, private capital advisory","Private equity, private credit, real estate, infrastructure, corporate finance, debt/equity offerings",Institutional distribution and advisory,Private capital and corporate issuers,"Institutional investors, accredited investors, financial advisors, family offices",Primarily United States,Not publicly standardized; verify with firm,Medium,regulated/licensed capital markets entity; relevant to private markets/RWA distribution,Public website checked; regulatory status must be verified in FINRA BrokerCheck/SEC IAPD or local regulator before publishing,"Lazard is a boutique investment bank candidate for FluidRWA's broker-dealer and capital distribution category. It may be relevant for private capital and corporate issuers, with services including financial advisory, asset management, private capital advisory.",https://www.lazard.com | https://brokercheck.finra.org/ | https://adviserinfo.sec.gov/ | https://www.sipc.org/list-of-members/,Yes,"Verify licensing, active registration, disciplinary history, jurisdiction and whether they accept RWA/tokenization mandates before outreach."
85,Moelis & Company,moelis-company,https://www.moelis.com,"New York, NY",United States,Investment bank / broker-dealer entities,Boutique Investment Bank,"Advisory, capital markets, private funds advisory","Private equity, private credit, real estate, infrastructure, corporate finance, debt/equity offerings",Private capital and middle-market distribution,Private fund managers and corporates,"Institutional investors, accredited investors, financial advisors, family offices",Primarily United States,Not publicly standardized; verify with firm,High,regulated/licensed capital markets entity; relevant to private markets/RWA distribution; high buyer-fit for FluidRWA,Public website checked; regulatory status must be verified in FINRA BrokerCheck/SEC IAPD or local regulator before publishing,"Moelis & Company is a boutique investment bank candidate for FluidRWA's broker-dealer and capital distribution category. It may be relevant for private fund managers and corporates, with services including advisory, capital markets, private funds advisory.",https://www.moelis.com | https://brokercheck.finra.org/ | https://adviserinfo.sec.gov/ | https://www.sipc.org/list-of-members/,Yes,"Verify licensing, active registration, disciplinary history, jurisdiction and whether they accept RWA/tokenization mandates before outreach."
86,PJT Partners,pjt-partners,https://www.pjtpartners.com,"New York, NY",United States,Investment bank / broker-dealer entities,Boutique Investment Bank,"Strategic advisory, restructuring, Park Hill private funds","Private equity, private credit, real estate, infrastructure, corporate finance, debt/equity offerings",Private capital fundraising relevance,Private funds and corporates,"Institutional investors, accredited investors, financial advisors, family offices",Primarily United States,Not publicly standardized; verify with firm,High,regulated/licensed capital markets entity; relevant to private markets/RWA distribution; high buyer-fit for FluidRWA,Public website checked; regulatory status must be verified in FINRA BrokerCheck/SEC IAPD or local regulator before publishing,"PJT Partners is a boutique investment bank candidate for FluidRWA's broker-dealer and capital distribution category. It may be relevant for private funds and corporates, with services including strategic advisory, restructuring, park hill private funds.",https://www.pjtpartners.com | https://brokercheck.finra.org/ | https://adviserinfo.sec.gov/ | https://www.sipc.org/list-of-members/,Yes,"Verify licensing, active registration, disciplinary history, jurisdiction and whether they accept RWA/tokenization mandates before outreach."
87,Lincoln International,lincoln-international,https://www.lincolninternational.com,"Chicago, IL",United States,Investment bank / broker-dealer entities,Boutique Investment Bank,"M&A, debt advisory, capital advisory, private funds","Private equity, private credit, real estate, infrastructure, corporate finance, debt/equity offerings",Middle-market capital advisory,Middle-market and private companies,"Institutional investors, accredited investors, financial advisors, family offices",Primarily United States,Not publicly standardized; verify with firm,Medium,regulated/licensed capital markets entity; relevant to private markets/RWA distribution,Public website checked; regulatory status must be verified in FINRA BrokerCheck/SEC IAPD or local regulator before publishing,"Lincoln International is a boutique investment bank candidate for FluidRWA's broker-dealer and capital distribution category. It may be relevant for middle-market and private companies, with services including m&a, debt advisory, capital advisory, private funds.",https://www.lincolninternational.com | https://brokercheck.finra.org/ | https://adviserinfo.sec.gov/ | https://www.sipc.org/list-of-members/,Yes,"Verify licensing, active registration, disciplinary history, jurisdiction and whether they accept RWA/tokenization mandates before outreach."
88,Harris Williams,harris-williams,https://www.harriswilliams.com,"Richmond, VA",United States,Investment bank / broker-dealer entities,Boutique Investment Bank,M&A advisory for middle-market companies,"Private equity, private credit, real estate, infrastructure, corporate finance, debt/equity offerings",Middle-market sponsor network,Private equity-backed businesses,"Institutional investors, accredited investors, financial advisors, family offices",Primarily United States,Not publicly standardized; verify with firm,Medium,regulated/licensed capital markets entity; relevant to private markets/RWA distribution,Public website checked; regulatory status must be verified in FINRA BrokerCheck/SEC IAPD or local regulator before publishing,"Harris Williams is a boutique investment bank candidate for FluidRWA's broker-dealer and capital distribution category. It may be relevant for private equity-backed businesses, with services including m&a advisory for middle-market companies.",https://www.harriswilliams.com | https://brokercheck.finra.org/ | https://adviserinfo.sec.gov/ | https://www.sipc.org/list-of-members/,Yes,"Verify licensing, active registration, disciplinary history, jurisdiction and whether they accept RWA/tokenization mandates before outreach."
89,William Blair,william-blair,https://www.williamblair.com,"Chicago, IL",United States,Broker-dealer / investment bank,Boutique Investment Bank,"Investment banking, asset management, private wealth","Private equity, private credit, real estate, infrastructure, corporate finance, debt/equity offerings",Growth and middle-market distribution,Growth companies and asset managers,"Institutional investors, accredited investors, financial advisors, family offices",Primarily United States,Not publicly standardized; verify with firm,Medium,regulated/licensed capital markets entity; relevant to private markets/RWA distribution,Public website checked; regulatory status must be verified in FINRA BrokerCheck/SEC IAPD or local regulator before publishing,"William Blair is a boutique investment bank candidate for FluidRWA's broker-dealer and capital distribution category. It may be relevant for growth companies and asset managers, with services including investment banking, asset management, private wealth.",https://www.williamblair.com | https://brokercheck.finra.org/ | https://adviserinfo.sec.gov/ | https://www.sipc.org/list-of-members/,Yes,"Verify licensing, active registration, disciplinary history, jurisdiction and whether they accept RWA/tokenization mandates before outreach."
90,D.A. Davidson,d-a-davidson,https://www.dadavidson.com,"Great Falls, MT",United States,Broker-dealer / investment bank,Boutique Investment Bank,"Wealth, capital markets, investment banking, fixed income","Private equity, private credit, real estate, infrastructure, corporate finance, debt/equity offerings",Regional wealth and capital markets,Middle-market issuers,"Institutional investors, accredited investors, financial advisors, family offices",Primarily United States,Not publicly standardized; verify with firm,Medium,regulated/licensed capital markets entity; relevant to private markets/RWA distribution,Public website checked; regulatory status must be verified in FINRA BrokerCheck/SEC IAPD or local regulator before publishing,"D.A. Davidson is a boutique investment bank candidate for FluidRWA's broker-dealer and capital distribution category. It may be relevant for middle-market issuers, with services including wealth, capital markets, investment banking, fixed income.",https://www.dadavidson.com | https://brokercheck.finra.org/ | https://adviserinfo.sec.gov/ | https://www.sipc.org/list-of-members/,Yes,"Verify licensing, active registration, disciplinary history, jurisdiction and whether they accept RWA/tokenization mandates before outreach."
91,Brown Gibbons Lang & Company,brown-gibbons-lang-company,https://www.bglco.com,"Cleveland, OH",United States,Investment bank / broker-dealer entities,Boutique Investment Bank,"M&A, capital markets, financial restructuring","Private equity, private credit, real estate, infrastructure, corporate finance, debt/equity offerings",Middle-market capital raising,Middle-market companies,"Institutional investors, accredited investors, financial advisors, family offices",Primarily United States,Not publicly standardized; verify with firm,Medium,regulated/licensed capital markets entity; relevant to private markets/RWA distribution,Public website checked; regulatory status must be verified in FINRA BrokerCheck/SEC IAPD or local regulator before publishing,"Brown Gibbons Lang & Company is a boutique investment bank candidate for FluidRWA's broker-dealer and capital distribution category. It may be relevant for middle-market companies, with services including m&a, capital markets, financial restructuring.",https://www.bglco.com | https://brokercheck.finra.org/ | https://adviserinfo.sec.gov/ | https://www.sipc.org/list-of-members/,Yes,"Verify licensing, active registration, disciplinary history, jurisdiction and whether they accept RWA/tokenization mandates before outreach."
92,Cascadia Capital,cascadia-capital,https://www.cascadiacapital.com,"Seattle, WA",United States,Investment bank / broker-dealer entities,Boutique Investment Bank,"M&A, capital raising, growth advisory","Private equity, private credit, real estate, infrastructure, corporate finance, debt/equity offerings",Growth company and tech capital markets,Technology and growth companies,"Institutional investors, accredited investors, financial advisors, family offices",Primarily United States,Not publicly standardized; verify with firm,Medium,regulated/licensed capital markets entity; relevant to private markets/RWA distribution,Public website checked; regulatory status must be verified in FINRA BrokerCheck/SEC IAPD or local regulator before publishing,"Cascadia Capital is a boutique investment bank candidate for FluidRWA's broker-dealer and capital distribution category. It may be relevant for technology and growth companies, with services including m&a, capital raising, growth advisory.",https://www.cascadiacapital.com | https://brokercheck.finra.org/ | https://adviserinfo.sec.gov/ | https://www.sipc.org/list-of-members/,Yes,"Verify licensing, active registration, disciplinary history, jurisdiction and whether they accept RWA/tokenization mandates before outreach."
93,Canaccord Genuity,canaccord-genuity,https://www.canaccordgenuity.com,Vancouver,Canada,Global investment bank / broker-dealer entities,Boutique Investment Bank,"Investment banking, wealth management, capital markets","Private equity, private credit, real estate, infrastructure, corporate finance, debt/equity offerings",Growth company and public/private capital markets,Growth issuers and asset managers,"Institutional investors, accredited investors, financial advisors, family offices",Primarily Canada,Not publicly standardized; verify with firm,Medium,regulated/licensed capital markets entity; relevant to private markets/RWA distribution,Public website checked; regulatory status must be verified in FINRA BrokerCheck/SEC IAPD or local regulator before publishing,"Canaccord Genuity is a boutique investment bank candidate for FluidRWA's broker-dealer and capital distribution category. It may be relevant for growth issuers and asset managers, with services including investment banking, wealth management, capital markets.",https://www.canaccordgenuity.com | https://brokercheck.finra.org/ | https://adviserinfo.sec.gov/ | https://www.sipc.org/list-of-members/,Yes,"Verify licensing, active registration, disciplinary history, jurisdiction and whether they accept RWA/tokenization mandates before outreach."
94,Cowen / TD Cowen,cowen-td-cowen,https://www.tdsecurities.com,"New York, NY",United States,Broker-dealer / investment bank,Boutique Investment Bank,"Investment banking, markets, research, healthcare/tech focus","Private equity, private credit, real estate, infrastructure, corporate finance, debt/equity offerings",Growth and sector distribution,"Healthcare, tech and growth companies","Institutional investors, accredited investors, financial advisors, family offices",Primarily United States,Not publicly standardized; verify with firm,Medium,regulated/licensed capital markets entity; relevant to private markets/RWA distribution,Public website checked; regulatory status must be verified in FINRA BrokerCheck/SEC IAPD or local regulator before publishing,"Cowen / TD Cowen is a boutique investment bank candidate for FluidRWA's broker-dealer and capital distribution category. It may be relevant for healthcare, tech and growth companies, with services including investment banking, markets, research, healthcare/tech focus.",https://www.tdsecurities.com | https://brokercheck.finra.org/ | https://adviserinfo.sec.gov/ | https://www.sipc.org/list-of-members/,Yes,"Verify licensing, active registration, disciplinary history, jurisdiction and whether they accept RWA/tokenization mandates before outreach."
95,Needham & Company,needham-company,https://www.needhamco.com,"New York, NY",United States,Broker-dealer / investment bank,Boutique Investment Bank,"Investment banking, institutional sales, research, private placements","Private equity, private credit, real estate, infrastructure, corporate finance, debt/equity offerings",Growth company capital markets,Technology and growth companies,"Institutional investors, accredited investors, financial advisors, family offices",Primarily United States,Not publicly standardized; verify with firm,Medium,regulated/licensed capital markets entity; relevant to private markets/RWA distribution,Public website checked; regulatory status must be verified in FINRA BrokerCheck/SEC IAPD or local regulator before publishing,"Needham & Company is a boutique investment bank candidate for FluidRWA's broker-dealer and capital distribution category. It may be relevant for technology and growth companies, with services including investment banking, institutional sales, research, private placements.",https://www.needhamco.com | https://brokercheck.finra.org/ | https://adviserinfo.sec.gov/ | https://www.sipc.org/list-of-members/,Yes,"Verify licensing, active registration, disciplinary history, jurisdiction and whether they accept RWA/tokenization mandates before outreach."
96,Roth Capital Partners,roth-capital-partners,https://www.roth.com,"Newport Beach, CA",United States,Broker-dealer / investment bank,Boutique Investment Bank,"Investment banking, research, institutional sales, capital markets","Private equity, private credit, real estate, infrastructure, corporate finance, debt/equity offerings",Small/mid-cap growth distribution,Growth and emerging companies,"Institutional investors, accredited investors, financial advisors, family offices",Primarily United States,Not publicly standardized; verify with firm,Medium,regulated/licensed capital markets entity; relevant to private markets/RWA distribution,Public website checked; regulatory status must be verified in FINRA BrokerCheck/SEC IAPD or local regulator before publishing,"Roth Capital Partners is a boutique investment bank candidate for FluidRWA's broker-dealer and capital distribution category. It may be relevant for growth and emerging companies, with services including investment banking, research, institutional sales, capital markets.",https://www.roth.com | https://brokercheck.finra.org/ | https://adviserinfo.sec.gov/ | https://www.sipc.org/list-of-members/,Yes,"Verify licensing, active registration, disciplinary history, jurisdiction and whether they accept RWA/tokenization mandates before outreach."
97,Maxim Group,maxim-group,https://www.maximgrp.com,"New York, NY",United States,Broker-dealer / investment bank,Boutique Investment Bank,"Investment banking, equity research, sales and trading, wealth management","Private equity, private credit, real estate, infrastructure, corporate finance, debt/equity offerings",Small/mid-cap capital markets,Emerging growth issuers,"Institutional investors, accredited investors, financial advisors, family offices",Primarily United States,Not publicly standardized; verify with firm,Medium,regulated/licensed capital markets entity; relevant to private markets/RWA distribution,Public website checked; regulatory status must be verified in FINRA BrokerCheck/SEC IAPD or local regulator before publishing,"Maxim Group is a boutique investment bank candidate for FluidRWA's broker-dealer and capital distribution category. It may be relevant for emerging growth issuers, with services including investment banking, equity research, sales and trading, wealth management.",https://www.maximgrp.com | https://brokercheck.finra.org/ | https://adviserinfo.sec.gov/ | https://www.sipc.org/list-of-members/,Yes,"Verify licensing, active registration, disciplinary history, jurisdiction and whether they accept RWA/tokenization mandates before outreach."
98,Benchmark Company,benchmark-company,https://www.benchmarkcompany.com,"New York, NY",United States,Broker-dealer / investment bank,Boutique Investment Bank,"Investment banking, institutional brokerage, research","Private equity, private credit, real estate, infrastructure, corporate finance, debt/equity offerings",Growth company capital markets,Technology and media issuers,"Institutional investors, accredited investors, financial advisors, family offices",Primarily United States,Not publicly standardized; verify with firm,Medium,regulated/licensed capital markets entity; relevant to private markets/RWA distribution,Public website checked; regulatory status must be verified in FINRA BrokerCheck/SEC IAPD or local regulator before publishing,"Benchmark Company is a boutique investment bank candidate for FluidRWA's broker-dealer and capital distribution category. It may be relevant for technology and media issuers, with services including investment banking, institutional brokerage, research.",https://www.benchmarkcompany.com | https://brokercheck.finra.org/ | https://adviserinfo.sec.gov/ | https://www.sipc.org/list-of-members/,Yes,"Verify licensing, active registration, disciplinary history, jurisdiction and whether they accept RWA/tokenization mandates before outreach."
99,H.C. Wainwright,h-c-wainwright,https://hcwco.com,"New York, NY",United States,Broker-dealer / investment bank,Boutique Investment Bank,"Investment banking, equity research, capital markets","Private equity, private credit, real estate, infrastructure, corporate finance, debt/equity offerings",Small-cap public company financing,Life sciences and growth issuers,"Institutional investors, accredited investors, financial advisors, family offices",Primarily United States,Not publicly standardized; verify with firm,Medium,regulated/licensed capital markets entity; relevant to private markets/RWA distribution,Public website checked; regulatory status must be verified in FINRA BrokerCheck/SEC IAPD or local regulator before publishing,"H.C. Wainwright is a boutique investment bank candidate for FluidRWA's broker-dealer and capital distribution category. It may be relevant for life sciences and growth issuers, with services including investment banking, equity research, capital markets.",https://hcwco.com | https://brokercheck.finra.org/ | https://adviserinfo.sec.gov/ | https://www.sipc.org/list-of-members/,Yes,"Verify licensing, active registration, disciplinary history, jurisdiction and whether they accept RWA/tokenization mandates before outreach."
100,Chardan,chardan,https://www.chardan.com,"New York, NY",United States,Broker-dealer / investment bank,Boutique Investment Bank,"Investment banking, SPACs, healthcare, disruptive technologies","Private equity, private credit, real estate, infrastructure, corporate finance, debt/equity offerings",Growth company capital markets,Emerging growth and tech issuers,"Institutional investors, accredited investors, financial advisors, family offices",Primarily United States,Not publicly standardized; verify with firm,Medium,regulated/licensed capital markets entity; relevant to private markets/RWA distribution,Public website checked; regulatory status must be verified in FINRA BrokerCheck/SEC IAPD or local regulator before publishing,"Chardan is a boutique investment bank candidate for FluidRWA's broker-dealer and capital distribution category. It may be relevant for emerging growth and tech issuers, with services including investment banking, spacs, healthcare, disruptive technologies.",https://www.chardan.com | https://brokercheck.finra.org/ | https://adviserinfo.sec.gov/ | https://www.sipc.org/list-of-members/,Yes,"Verify licensing, active registration, disciplinary history, jurisdiction and whether they accept RWA/tokenization mandates before outreach."
101,EF Hutton,ef-hutton,https://efhuttongroup.com,"New York, NY",United States,Broker-dealer / investment bank,Boutique Investment Bank,"Investment banking, public offerings, private placements","Private equity, private credit, real estate, infrastructure, corporate finance, debt/equity offerings",Small-cap capital raising,Growth companies seeking public/private capital,"Institutional investors, accredited investors, financial advisors, family offices",Primarily United States,Not publicly standardized; verify with firm,Medium,regulated/licensed capital markets entity; relevant to private markets/RWA distribution,Public website checked; regulatory status must be verified in FINRA BrokerCheck/SEC IAPD or local regulator before publishing,"EF Hutton is a boutique investment bank candidate for FluidRWA's broker-dealer and capital distribution category. It may be relevant for growth companies seeking public/private capital, with services including investment banking, public offerings, private placements.",https://efhuttongroup.com | https://brokercheck.finra.org/ | https://adviserinfo.sec.gov/ | https://www.sipc.org/list-of-members/,Yes,"Verify licensing, active registration, disciplinary history, jurisdiction and whether they accept RWA/tokenization mandates before outreach."
102,Archax,archax,https://www.archax.com,London,United Kingdom,FCA-regulated digital securities exchange/broker/custodian,Digital Securities / Tokenization,"Digital assets exchange, brokerage, custody, tokenized assets","Digital securities, tokenized funds, tokenized equity, private markets, RWAs",Tokenized securities and institutional digital asset platform,UK/EU tokenized asset issuers,"Institutional investors, accredited investors, financial advisors, family offices",Primarily United Kingdom,Not publicly standardized; verify with firm,High,regulated/licensed capital markets entity; relevant to private markets/RWA distribution; high buyer-fit for FluidRWA,Public website checked; regulatory status must be verified in FINRA BrokerCheck/SEC IAPD or local regulator before publishing,"Archax is a digital securities / tokenization candidate for FluidRWA's broker-dealer and capital distribution category. It may be relevant for uk/eu tokenized asset issuers, with services including digital assets exchange, brokerage, custody, tokenized assets.",https://www.archax.com | https://brokercheck.finra.org/ | https://adviserinfo.sec.gov/ | https://www.sipc.org/list-of-members/,Yes,"Verify licensing, active registration, disciplinary history, jurisdiction and whether they accept RWA/tokenization mandates before outreach."
103,ADDX,addx,https://addx.co,Singapore,Singapore,MAS-regulated private market exchange ecosystem,Digital Securities / Tokenization,"Private market securities, funds, structured products, tokenized assets","Digital securities, tokenized funds, tokenized equity, private markets, RWAs",Digital securities and fractional alternatives,Private market issuers seeking Asia investor access,"Institutional investors, accredited investors, financial advisors, family offices",Primarily Singapore,Not publicly standardized; verify with firm,High,regulated/licensed capital markets entity; relevant to private markets/RWA distribution; high buyer-fit for FluidRWA,Public website checked; regulatory status must be verified in FINRA BrokerCheck/SEC IAPD or local regulator before publishing,"ADDX is a digital securities / tokenization candidate for FluidRWA's broker-dealer and capital distribution category. It may be relevant for private market issuers seeking asia investor access, with services including private market securities, funds, structured products, tokenized assets.",https://addx.co | https://brokercheck.finra.org/ | https://adviserinfo.sec.gov/ | https://www.sipc.org/list-of-members/,Yes,"Verify licensing, active registration, disciplinary history, jurisdiction and whether they accept RWA/tokenization mandates before outreach."
104,Fusang,fusang,https://www.fusang.co,Labuan / Hong Kong,Malaysia / Hong Kong,Digital securities exchange ecosystem,Digital Securities / Tokenization,"Digital securities exchange, tokenized securities, custody ecosystem","Digital securities, tokenized funds, tokenized equity, private markets, RWAs",Digital securities/tokenization specialist,Asia-based tokenized securities issuers,"Institutional investors, accredited investors, financial advisors, family offices",Cross-border / regional,Not publicly standardized; verify with firm,Medium,regulated/licensed capital markets entity; relevant to private markets/RWA distribution,Public website checked; regulatory status must be verified in FINRA BrokerCheck/SEC IAPD or local regulator before publishing,"Fusang is a digital securities / tokenization candidate for FluidRWA's broker-dealer and capital distribution category. It may be relevant for asia-based tokenized securities issuers, with services including digital securities exchange, tokenized securities, custody ecosystem.",https://www.fusang.co | https://brokercheck.finra.org/ | https://adviserinfo.sec.gov/ | https://www.sipc.org/list-of-members/,Yes,"Verify licensing, active registration, disciplinary history, jurisdiction and whether they accept RWA/tokenization mandates before outreach."
105,MERJ Exchange,merj-exchange,https://merj.exchange,Victoria,Seychelles,Regulated exchange / securities market ecosystem,Digital Securities / Tokenization,"Securities exchange, listings, digital securities initiatives","Digital securities, tokenized funds, tokenized equity, private markets, RWAs",Digital securities exchange relevance,Issuers seeking regulated exchange listings,"Institutional investors, accredited investors, financial advisors, family offices",Cross-border / regional,Not publicly standardized; verify with firm,Medium,regulated/licensed capital markets entity; relevant to private markets/RWA distribution,Public website checked; regulatory status must be verified in FINRA BrokerCheck/SEC IAPD or local regulator before publishing,"MERJ Exchange is a digital securities / tokenization candidate for FluidRWA's broker-dealer and capital distribution category. It may be relevant for issuers seeking regulated exchange listings, with services including securities exchange, listings, digital securities initiatives.",https://merj.exchange | https://brokercheck.finra.org/ | https://adviserinfo.sec.gov/ | https://www.sipc.org/list-of-members/,Yes,"Verify licensing, active registration, disciplinary history, jurisdiction and whether they accept RWA/tokenization mandates before outreach."
106,SDX / SIX Digital Exchange,sdx-six-digital-exchange,https://www.sdx.com,Zurich,Switzerland,Regulated digital securities infrastructure,Digital Securities / Tokenization,"Digital securities exchange, CSD, institutional tokenized assets","Digital securities, tokenized funds, tokenized equity, private markets, RWAs",Tokenized securities market infrastructure,Institutional tokenized securities,"Institutional investors, accredited investors, financial advisors, family offices",Primarily Switzerland,Not publicly standardized; verify with firm,High,regulated/licensed capital markets entity; relevant to private markets/RWA distribution; high buyer-fit for FluidRWA,Public website checked; regulatory status must be verified in FINRA BrokerCheck/SEC IAPD or local regulator before publishing,"SDX / SIX Digital Exchange is a digital securities / tokenization candidate for FluidRWA's broker-dealer and capital distribution category. It may be relevant for institutional tokenized securities, with services including digital securities exchange, csd, institutional tokenized assets.",https://www.sdx.com | https://brokercheck.finra.org/ | https://adviserinfo.sec.gov/ | https://www.sipc.org/list-of-members/,Yes,"Verify licensing, active registration, disciplinary history, jurisdiction and whether they accept RWA/tokenization mandates before outreach."
107,21X,21x,https://www.21x.eu,Frankfurt,Germany,EU DLT trading and settlement infrastructure,Digital Securities / Tokenization,DLT-based trading and settlement for tokenized securities,"Digital securities, tokenized funds, tokenized equity, private markets, RWAs",Tokenization-specific market infrastructure,EU tokenized securities issuers,"Institutional investors, accredited investors, financial advisors, family offices",Primarily Germany,Not publicly standardized; verify with firm,Medium,relevant to private markets/RWA distribution,Public website checked; regulatory status must be verified in FINRA BrokerCheck/SEC IAPD or local regulator before publishing,"21X is a digital securities / tokenization candidate for FluidRWA's broker-dealer and capital distribution category. It may be relevant for eu tokenized securities issuers, with services including dlt-based trading and settlement for tokenized securities.",https://www.21x.eu | https://brokercheck.finra.org/ | https://adviserinfo.sec.gov/ | https://www.sipc.org/list-of-members/,Yes,"Verify licensing, active registration, disciplinary history, jurisdiction and whether they accept RWA/tokenization mandates before outreach."
108,DigiShares Capital Markets,digishares-capital-markets,https://digishares.io,"Los Angeles, CA",United States,Tokenization platform with capital markets ecosystem,Digital Securities / Tokenization,"Real estate tokenization, investor management, marketplace tools","Digital securities, tokenized funds, tokenized equity, private markets, RWAs","RWA/tokenization-focused, broker-dealer verification needed",Real estate tokenization projects,"Institutional investors, accredited investors, financial advisors, family offices",Primarily United States,Not publicly standardized; verify with firm,Medium,relevant to private markets/RWA distribution,Public website checked; regulatory status must be verified in FINRA BrokerCheck/SEC IAPD or local regulator before publishing,"DigiShares Capital Markets is a digital securities / tokenization candidate for FluidRWA's broker-dealer and capital distribution category. It may be relevant for real estate tokenization projects, with services including real estate tokenization, investor management, marketplace tools.",https://digishares.io | https://brokercheck.finra.org/ | https://adviserinfo.sec.gov/ | https://www.sipc.org/list-of-members/,Yes,"Verify licensing, active registration, disciplinary history, jurisdiction and whether they accept RWA/tokenization mandates before outreach."
109,Tokeny,tokeny,https://tokeny.com,Luxembourg,Luxembourg,Tokenization technology provider ecosystem,Digital Securities / Tokenization,"Security token infrastructure, transfer agents, compliance, investor onboarding","Digital securities, tokenized funds, tokenized equity, private markets, RWAs","Tokenization ecosystem, not a broker-dealer itself",Issuers needing security token rails and regulated partners,"Institutional investors, accredited investors, financial advisors, family offices",Primarily Luxembourg,Not publicly standardized; verify with firm,Medium,relevant to private markets/RWA distribution,Public website checked; regulatory status must be verified in FINRA BrokerCheck/SEC IAPD or local regulator before publishing,"Tokeny is a digital securities / tokenization candidate for FluidRWA's broker-dealer and capital distribution category. It may be relevant for issuers needing security token rails and regulated partners, with services including security token infrastructure, transfer agents, compliance, investor onboarding.",https://tokeny.com | https://brokercheck.finra.org/ | https://adviserinfo.sec.gov/ | https://www.sipc.org/list-of-members/,Yes,"Verify licensing, active registration, disciplinary history, jurisdiction and whether they accept RWA/tokenization mandates before outreach."
110,Globacap,globacap,https://www.globacap.com,London,United Kingdom,Regulated capital markets technology provider,Digital Securities / Tokenization,"Digital private placements, cap table, securities administration","Digital securities, tokenized funds, tokenized equity, private markets, RWAs",Digital private markets/tokenization adjacent,Private companies and fund issuers,"Institutional investors, accredited investors, financial advisors, family offices",Primarily United Kingdom,Not publicly standardized; verify with firm,Medium,regulated/licensed capital markets entity; relevant to private markets/RWA distribution,Public website checked; regulatory status must be verified in FINRA BrokerCheck/SEC IAPD or local regulator before publishing,"Globacap is a digital securities / tokenization candidate for FluidRWA's broker-dealer and capital distribution category. It may be relevant for private companies and fund issuers, with services including digital private placements, cap table, securities administration.",https://www.globacap.com | https://brokercheck.finra.org/ | https://adviserinfo.sec.gov/ | https://www.sipc.org/list-of-members/,Yes,"Verify licensing, active registration, disciplinary history, jurisdiction and whether they accept RWA/tokenization mandates before outreach."
111,Ownera,ownera,https://ownera.io,London,United Kingdom,Interoperability network for tokenized assets,Digital Securities / Tokenization,Distribution and connectivity for tokenized assets across institutions,"Digital securities, tokenized funds, tokenized equity, private markets, RWAs","Tokenized asset distribution network, not broker-dealer",Tokenization platforms seeking distribution connectivity,"Institutional investors, accredited investors, financial advisors, family offices",Primarily United Kingdom,Not publicly standardized; verify with firm,Medium,relevant to private markets/RWA distribution,Public website checked; regulatory status must be verified in FINRA BrokerCheck/SEC IAPD or local regulator before publishing,"Ownera is a digital securities / tokenization candidate for FluidRWA's broker-dealer and capital distribution category. It may be relevant for tokenization platforms seeking distribution connectivity, with services including distribution and connectivity for tokenized assets across institutions.",https://ownera.io | https://brokercheck.finra.org/ | https://adviserinfo.sec.gov/ | https://www.sipc.org/list-of-members/,Yes,"Verify licensing, active registration, disciplinary history, jurisdiction and whether they accept RWA/tokenization mandates before outreach."
112,OpenYield,openyield,https://openyield.com,"New York, NY",United States,Brokerage/marketplace infrastructure for fixed income,Fixed Income Brokerage,"Bond marketplace, fixed income execution and distribution","Public securities, alternatives, advisory products, private placements where approved",Tokenized treasuries/fixed income adjacency,Fixed income and treasury product distribution,"Institutional investors, accredited investors, financial advisors, family offices",Primarily United States,Not publicly standardized; verify with firm,Medium,candidate requires deeper validation,Public website checked; regulatory status must be verified in FINRA BrokerCheck/SEC IAPD or local regulator before publishing,"OpenYield is a fixed income brokerage candidate for FluidRWA's broker-dealer and capital distribution category. It may be relevant for fixed income and treasury product distribution, with services including bond marketplace, fixed income execution and distribution.",https://openyield.com | https://brokercheck.finra.org/ | https://adviserinfo.sec.gov/ | https://www.sipc.org/list-of-members/,Yes,"Verify licensing, active registration, disciplinary history, jurisdiction and whether they accept RWA/tokenization mandates before outreach."
113,BondCliQ,bondcliq,https://bondcliq.com,"New York, NY",United States,Fixed income market data/trading ecosystem,Fixed Income Brokerage,"Corporate bond pricing, market data, execution connectivity","Public securities, alternatives, advisory products, private placements where approved",Fixed income RWA market structure relevance,Bond market data and liquidity visibility,"Institutional investors, accredited investors, financial advisors, family offices",Primarily United States,Not publicly standardized; verify with firm,Low,candidate requires deeper validation,Public website checked; regulatory status must be verified in FINRA BrokerCheck/SEC IAPD or local regulator before publishing,"BondCliQ is a fixed income brokerage candidate for FluidRWA's broker-dealer and capital distribution category. It may be relevant for bond market data and liquidity visibility, with services including corporate bond pricing, market data, execution connectivity.",https://bondcliq.com | https://brokercheck.finra.org/ | https://adviserinfo.sec.gov/ | https://www.sipc.org/list-of-members/,Yes,"Verify licensing, active registration, disciplinary history, jurisdiction and whether they accept RWA/tokenization mandates before outreach."
114,MarketAxess,marketaxess,https://www.marketaxess.com,"New York, NY",United States,Electronic trading platform / broker-dealer ecosystem,Fixed Income Brokerage,"Electronic credit trading, fixed income trading network, data","Public securities, alternatives, advisory products, private placements where approved",Institutional bond liquidity/distribution,Fixed income and credit issuers,"Institutional investors, accredited investors, financial advisors, family offices",Primarily United States,Not publicly standardized; verify with firm,Medium,regulated/licensed capital markets entity,Public website checked; regulatory status must be verified in FINRA BrokerCheck/SEC IAPD or local regulator before publishing,"MarketAxess is a fixed income brokerage candidate for FluidRWA's broker-dealer and capital distribution category. It may be relevant for fixed income and credit issuers, with services including electronic credit trading, fixed income trading network, data.",https://www.marketaxess.com | https://brokercheck.finra.org/ | https://adviserinfo.sec.gov/ | https://www.sipc.org/list-of-members/,Yes,"Verify licensing, active registration, disciplinary history, jurisdiction and whether they accept RWA/tokenization mandates before outreach."
115,Tradeweb,tradeweb,https://www.tradeweb.com,"New York, NY",United States,Electronic trading platform / broker-dealer ecosystem,Fixed Income Brokerage,"Electronic trading for rates, credit, money markets, ETFs","Public securities, alternatives, advisory products, private placements where approved",Tokenized treasuries/fixed income adjacency,Institutional fixed income access,"Institutional investors, accredited investors, financial advisors, family offices",Primarily United States,Not publicly standardized; verify with firm,Medium,regulated/licensed capital markets entity,Public website checked; regulatory status must be verified in FINRA BrokerCheck/SEC IAPD or local regulator before publishing,"Tradeweb is a fixed income brokerage candidate for FluidRWA's broker-dealer and capital distribution category. It may be relevant for institutional fixed income access, with services including electronic trading for rates, credit, money markets, etfs.",https://www.tradeweb.com | https://brokercheck.finra.org/ | https://adviserinfo.sec.gov/ | https://www.sipc.org/list-of-members/,Yes,"Verify licensing, active registration, disciplinary history, jurisdiction and whether they accept RWA/tokenization mandates before outreach."
116,Liquidnet,liquidnet,https://www.liquidnet.com,"New York, NY",United States,Agency broker / institutional trading network,Institutional Trading,"Institutional equities, fixed income trading, liquidity network","Private securities, funds, alternatives, capital markets, real-world assets where applicable",Institutional secondary liquidity relevance,Secondary trading and institutional liquidity,"Institutional investors, accredited investors, financial advisors, family offices",Primarily United States,Not publicly standardized; verify with firm,Medium,candidate requires deeper validation,Public website checked; regulatory status must be verified in FINRA BrokerCheck/SEC IAPD or local regulator before publishing,"Liquidnet is a institutional trading candidate for FluidRWA's broker-dealer and capital distribution category. It may be relevant for secondary trading and institutional liquidity, with services including institutional equities, fixed income trading, liquidity network.",https://www.liquidnet.com | https://brokercheck.finra.org/ | https://adviserinfo.sec.gov/ | https://www.sipc.org/list-of-members/,Yes,"Verify licensing, active registration, disciplinary history, jurisdiction and whether they accept RWA/tokenization mandates before outreach."
117,Instinet,instinet,https://www.instinet.com,"New York, NY",United States,Agency broker / electronic trading,Institutional Trading,"Electronic trading, execution algorithms, agency brokerage","Private securities, funds, alternatives, capital markets, real-world assets where applicable",Institutional execution infrastructure,Secondary trading infrastructure,"Institutional investors, accredited investors, financial advisors, family offices",Primarily United States,Not publicly standardized; verify with firm,Low,candidate requires deeper validation,Public website checked; regulatory status must be verified in FINRA BrokerCheck/SEC IAPD or local regulator before publishing,"Instinet is a institutional trading candidate for FluidRWA's broker-dealer and capital distribution category. It may be relevant for secondary trading infrastructure, with services including electronic trading, execution algorithms, agency brokerage.",https://www.instinet.com | https://brokercheck.finra.org/ | https://adviserinfo.sec.gov/ | https://www.sipc.org/list-of-members/,Yes,"Verify licensing, active registration, disciplinary history, jurisdiction and whether they accept RWA/tokenization mandates before outreach."
118,Interactive Brokers,interactive-brokers,https://www.interactivebrokers.com,"Greenwich, CT",United States,Global broker-dealer,Retail/Institutional Brokerage,"Brokerage, trading, global market access, institutional accounts","Public securities, alternatives, advisory products, private placements where approved","Global brokerage infrastructure, not RWA-specific",Global market access and brokerage integrations,"Institutional investors, accredited investors, financial advisors, family offices",Primarily United States,Not publicly standardized; verify with firm,Medium,regulated/licensed capital markets entity,Public website checked; regulatory status must be verified in FINRA BrokerCheck/SEC IAPD or local regulator before publishing,"Interactive Brokers is a retail/institutional brokerage candidate for FluidRWA's broker-dealer and capital distribution category. It may be relevant for global market access and brokerage integrations, with services including brokerage, trading, global market access, institutional accounts.",https://www.interactivebrokers.com | https://brokercheck.finra.org/ | https://adviserinfo.sec.gov/ | https://www.sipc.org/list-of-members/,Yes,"Verify licensing, active registration, disciplinary history, jurisdiction and whether they accept RWA/tokenization mandates before outreach."
119,Robinhood Securities,robinhood-securities,https://robinhood.com,"Menlo Park, CA",United States,US broker-dealer,Retail Brokerage,"Retail brokerage, self-directed investing, crypto via affiliate","Public securities, alternatives, advisory products, private placements where approved","Consumer distribution, not institutional RWA-specific",Mass retail brokerage benchmarking,"Institutional investors, accredited investors, financial advisors, family offices",Primarily United States,Not publicly standardized; verify with firm,Low,regulated/licensed capital markets entity,Public website checked; regulatory status must be verified in FINRA BrokerCheck/SEC IAPD or local regulator before publishing,"Robinhood Securities is a retail brokerage candidate for FluidRWA's broker-dealer and capital distribution category. It may be relevant for mass retail brokerage benchmarking, with services including retail brokerage, self-directed investing, crypto via affiliate.",https://robinhood.com | https://brokercheck.finra.org/ | https://adviserinfo.sec.gov/ | https://www.sipc.org/list-of-members/,Yes,"Verify licensing, active registration, disciplinary history, jurisdiction and whether they accept RWA/tokenization mandates before outreach."
120,SoFi Securities,sofi-securities,https://www.sofi.com/invest,"San Francisco, CA",United States,US broker-dealer,Retail Brokerage,"Retail brokerage, automated investing, financial products","Public securities, alternatives, advisory products, private placements where approved",Consumer fintech distribution,Fintech brokerage benchmarking,"Institutional investors, accredited investors, financial advisors, family offices",Primarily United States,Not publicly standardized; verify with firm,Low,regulated/licensed capital markets entity,Public website checked; regulatory status must be verified in FINRA BrokerCheck/SEC IAPD or local regulator before publishing,"SoFi Securities is a retail brokerage candidate for FluidRWA's broker-dealer and capital distribution category. It may be relevant for fintech brokerage benchmarking, with services including retail brokerage, automated investing, financial products.",https://www.sofi.com/invest | https://brokercheck.finra.org/ | https://adviserinfo.sec.gov/ | https://www.sipc.org/list-of-members/,Yes,"Verify licensing, active registration, disciplinary history, jurisdiction and whether they accept RWA/tokenization mandates before outreach."
121,Public Investing,public-investing,https://public.com,"New York, NY",United States,US broker-dealer,Retail Brokerage,"Retail investing platform, alternatives, treasuries, crypto via affiliates","Public securities, alternatives, advisory products, private placements where approved",Retail alternative investing relevance,Retail alternative investing and treasury products,"Institutional investors, accredited investors, financial advisors, family offices",Primarily United States,Not publicly standardized; verify with firm,Medium,regulated/licensed capital markets entity,Public website checked; regulatory status must be verified in FINRA BrokerCheck/SEC IAPD or local regulator before publishing,"Public Investing is a retail brokerage candidate for FluidRWA's broker-dealer and capital distribution category. It may be relevant for retail alternative investing and treasury products, with services including retail investing platform, alternatives, treasuries, crypto via affiliates.",https://public.com | https://brokercheck.finra.org/ | https://adviserinfo.sec.gov/ | https://www.sipc.org/list-of-members/,Yes,"Verify licensing, active registration, disciplinary history, jurisdiction and whether they accept RWA/tokenization mandates before outreach."
122,Alpaca Securities,alpaca-securities,https://alpaca.markets,"San Mateo, CA",United States,US broker-dealer,Embedded Brokerage,"Brokerage APIs, stock/ETF trading infrastructure, fintech brokerage","Public securities, alternatives, advisory products, private placements where approved",Embedded brokerage rails,Fintechs needing brokerage APIs,"Institutional investors, accredited investors, financial advisors, family offices",Primarily United States,Not publicly standardized; verify with firm,Medium,regulated/licensed capital markets entity,Public website checked; regulatory status must be verified in FINRA BrokerCheck/SEC IAPD or local regulator before publishing,"Alpaca Securities is a embedded brokerage candidate for FluidRWA's broker-dealer and capital distribution category. It may be relevant for fintechs needing brokerage apis, with services including brokerage apis, stock/etf trading infrastructure, fintech brokerage.",https://alpaca.markets | https://brokercheck.finra.org/ | https://adviserinfo.sec.gov/ | https://www.sipc.org/list-of-members/,Yes,"Verify licensing, active registration, disciplinary history, jurisdiction and whether they accept RWA/tokenization mandates before outreach."
123,DriveWealth Institutional,drivewealth-institutional,https://drivewealth.com,"Jersey City, NJ",United States,US broker-dealer,Embedded Brokerage,"Brokerage-as-a-service, fractional trading, global fintech APIs","Public securities, alternatives, advisory products, private placements where approved",Embedded brokerage rails,Fintech distribution and global retail access,"Institutional investors, accredited investors, financial advisors, family offices",Primarily United States,Not publicly standardized; verify with firm,Medium,regulated/licensed capital markets entity,Public website checked; regulatory status must be verified in FINRA BrokerCheck/SEC IAPD or local regulator before publishing,"DriveWealth Institutional is a embedded brokerage candidate for FluidRWA's broker-dealer and capital distribution category. It may be relevant for fintech distribution and global retail access, with services including brokerage-as-a-service, fractional trading, global fintech apis.",https://drivewealth.com | https://brokercheck.finra.org/ | https://adviserinfo.sec.gov/ | https://www.sipc.org/list-of-members/,Yes,"Verify licensing, active registration, disciplinary history, jurisdiction and whether they accept RWA/tokenization mandates before outreach."
124,Apex Fintech Solutions,apex-fintech-solutions,https://apexfintechsolutions.com,"Dallas, TX",United States,Clearing broker-dealer / custody,Clearing Broker-Dealer,"Clearing, custody, digital custody, advisory and fintech infrastructure","Private securities, funds, alternatives, capital markets, real-world assets where applicable",Fintech brokerage infrastructure,"Fintechs, broker-dealers and digital wealth platforms","Institutional investors, accredited investors, financial advisors, family offices",Primarily United States,Not publicly standardized; verify with firm,Medium,regulated/licensed capital markets entity,Public website checked; regulatory status must be verified in FINRA BrokerCheck/SEC IAPD or local regulator before publishing,"Apex Fintech Solutions is a clearing broker-dealer candidate for FluidRWA's broker-dealer and capital distribution category. It may be relevant for fintechs, broker-dealers and digital wealth platforms, with services including clearing, custody, digital custody, advisory and fintech infrastructure.",https://apexfintechsolutions.com | https://brokercheck.finra.org/ | https://adviserinfo.sec.gov/ | https://www.sipc.org/list-of-members/,Yes,"Verify licensing, active registration, disciplinary history, jurisdiction and whether they accept RWA/tokenization mandates before outreach."
125,Wedbush Securities,wedbush-securities,https://www.wedbush.com,"Los Angeles, CA",United States,US broker-dealer / investment bank,Broker-Dealer / Investment Bank,"Wealth management, investment banking, clearing, futures, research","Private equity, private credit, real estate, infrastructure, corporate finance, debt/equity offerings",Brokerage and clearing infrastructure,Emerging companies and advisor networks,"Institutional investors, accredited investors, financial advisors, family offices",Primarily United States,Not publicly standardized; verify with firm,Medium,regulated/licensed capital markets entity; relevant to private markets/RWA distribution,Public website checked; regulatory status must be verified in FINRA BrokerCheck/SEC IAPD or local regulator before publishing,"Wedbush Securities is a broker-dealer / investment bank candidate for FluidRWA's broker-dealer and capital distribution category. It may be relevant for emerging companies and advisor networks, with services including wealth management, investment banking, clearing, futures, research.",https://www.wedbush.com | https://brokercheck.finra.org/ | https://adviserinfo.sec.gov/ | https://www.sipc.org/list-of-members/,Yes,"Verify licensing, active registration, disciplinary history, jurisdiction and whether they accept RWA/tokenization mandates before outreach."
126,Muriel Siebert & Co.,muriel-siebert-co,https://www.siebert.com,"New York, NY",United States,US broker-dealer,Retail/Institutional Brokerage,"Retail brokerage, investment banking, institutional services","Public securities, alternatives, advisory products, private placements where approved",Brokerage and small issuer relevance,Retail brokerage and smaller capital markets,"Institutional investors, accredited investors, financial advisors, family offices",Primarily United States,Not publicly standardized; verify with firm,Low,regulated/licensed capital markets entity,Public website checked; regulatory status must be verified in FINRA BrokerCheck/SEC IAPD or local regulator before publishing,"Muriel Siebert & Co. is a retail/institutional brokerage candidate for FluidRWA's broker-dealer and capital distribution category. It may be relevant for retail brokerage and smaller capital markets, with services including retail brokerage, investment banking, institutional services.",https://www.siebert.com | https://brokercheck.finra.org/ | https://adviserinfo.sec.gov/ | https://www.sipc.org/list-of-members/,Yes,"Verify licensing, active registration, disciplinary history, jurisdiction and whether they accept RWA/tokenization mandates before outreach."
127,R. Seelaus & Co.,r-seelaus-co,https://www.rseelaus.com,"Summit, NJ",United States,US broker-dealer / wealth management,Wealth Broker-Dealer,"Wealth management, fixed income, investment solutions","Public securities, alternatives, advisory products, private placements where approved",Regional broker-dealer with fixed income focus,Regional wealth and fixed income access,"Institutional investors, accredited investors, financial advisors, family offices",Primarily United States,Not publicly standardized; verify with firm,Low,regulated/licensed capital markets entity; relevant to private markets/RWA distribution,Public website checked; regulatory status must be verified in FINRA BrokerCheck/SEC IAPD or local regulator before publishing,"R. Seelaus & Co. is a wealth broker-dealer candidate for FluidRWA's broker-dealer and capital distribution category. It may be relevant for regional wealth and fixed income access, with services including wealth management, fixed income, investment solutions.",https://www.rseelaus.com | https://brokercheck.finra.org/ | https://adviserinfo.sec.gov/ | https://www.sipc.org/list-of-members/,Yes,"Verify licensing, active registration, disciplinary history, jurisdiction and whether they accept RWA/tokenization mandates before outreach."
128,Arete Wealth,arete-wealth,https://aretewealth.com,"Chicago, IL",United States,US broker-dealer / wealth management,Alternative Broker-Dealer,"Brokerage, advisory, alternative investments, investment banking","Private securities, funds, alternatives, capital markets, real-world assets where applicable",Alternatives distribution relevance,Alternative investment sponsors,"Institutional investors, accredited investors, financial advisors, family offices",Primarily United States,Not publicly standardized; verify with firm,Medium,regulated/licensed capital markets entity; relevant to private markets/RWA distribution,Public website checked; regulatory status must be verified in FINRA BrokerCheck/SEC IAPD or local regulator before publishing,"Arete Wealth is a alternative broker-dealer candidate for FluidRWA's broker-dealer and capital distribution category. It may be relevant for alternative investment sponsors, with services including brokerage, advisory, alternative investments, investment banking.",https://aretewealth.com | https://brokercheck.finra.org/ | https://adviserinfo.sec.gov/ | https://www.sipc.org/list-of-members/,Yes,"Verify licensing, active registration, disciplinary history, jurisdiction and whether they accept RWA/tokenization mandates before outreach."
129,Concorde Investment Services,concorde-investment-services,https://www.concordeis.com,"Livonia, MI",United States,US broker-dealer,Alternative Broker-Dealer,"Alternative investments, brokerage, advisor platform","Private securities, funds, alternatives, capital markets, real-world assets where applicable",Alternatives distribution relevance,Sponsors seeking alternative investment advisors,"Institutional investors, accredited investors, financial advisors, family offices",Primarily United States,Not publicly standardized; verify with firm,Medium,regulated/licensed capital markets entity; relevant to private markets/RWA distribution,Public website checked; regulatory status must be verified in FINRA BrokerCheck/SEC IAPD or local regulator before publishing,"Concorde Investment Services is a alternative broker-dealer candidate for FluidRWA's broker-dealer and capital distribution category. It may be relevant for sponsors seeking alternative investment advisors, with services including alternative investments, brokerage, advisor platform.",https://www.concordeis.com | https://brokercheck.finra.org/ | https://adviserinfo.sec.gov/ | https://www.sipc.org/list-of-members/,Yes,"Verify licensing, active registration, disciplinary history, jurisdiction and whether they accept RWA/tokenization mandates before outreach."
130,Cabot Lodge Securities,cabot-lodge-securities,https://www.cabotlodge.com,"New York, NY",United States,US broker-dealer,Alternative Broker-Dealer,"Brokerage, alternative investments, capital markets","Private securities, funds, alternatives, capital markets, real-world assets where applicable",Alternatives and private placements,Alternative investment sponsors,"Institutional investors, accredited investors, financial advisors, family offices",Primarily United States,Not publicly standardized; verify with firm,Medium,regulated/licensed capital markets entity; relevant to private markets/RWA distribution,Public website checked; regulatory status must be verified in FINRA BrokerCheck/SEC IAPD or local regulator before publishing,"Cabot Lodge Securities is a alternative broker-dealer candidate for FluidRWA's broker-dealer and capital distribution category. It may be relevant for alternative investment sponsors, with services including brokerage, alternative investments, capital markets.",https://www.cabotlodge.com | https://brokercheck.finra.org/ | https://adviserinfo.sec.gov/ | https://www.sipc.org/list-of-members/,Yes,"Verify licensing, active registration, disciplinary history, jurisdiction and whether they accept RWA/tokenization mandates before outreach."
131,Emerson Equity,emerson-equity,https://emerson-equity.com,"San Mateo, CA",United States,US broker-dealer,Alternative Broker-Dealer,"Alternative investments, private placements, DSTs, real estate programs","Private securities, funds, alternatives, capital markets, real-world assets where applicable",Real estate and alternatives distribution,Real estate and private placement sponsors,"Institutional investors, accredited investors, financial advisors, family offices",Primarily United States,Not publicly standardized; verify with firm,Medium,regulated/licensed capital markets entity; relevant to private markets/RWA distribution,Public website checked; regulatory status must be verified in FINRA BrokerCheck/SEC IAPD or local regulator before publishing,"Emerson Equity is a alternative broker-dealer candidate for FluidRWA's broker-dealer and capital distribution category. It may be relevant for real estate and private placement sponsors, with services including alternative investments, private placements, dsts, real estate programs.",https://emerson-equity.com | https://brokercheck.finra.org/ | https://adviserinfo.sec.gov/ | https://www.sipc.org/list-of-members/,Yes,"Verify licensing, active registration, disciplinary history, jurisdiction and whether they accept RWA/tokenization mandates before outreach."
132,Great Point Capital,great-point-capital,https://www.greatpointcapital.com,"Chicago, IL",United States,US broker-dealer,Alternative Broker-Dealer,"Brokerage, investment banking, proprietary trading, capital markets","Private securities, funds, alternatives, capital markets, real-world assets where applicable",Alternative and small/mid-cap capital markets,Emerging companies and investment sponsors,"Institutional investors, accredited investors, financial advisors, family offices",Primarily United States,Not publicly standardized; verify with firm,Medium,regulated/licensed capital markets entity; relevant to private markets/RWA distribution,Public website checked; regulatory status must be verified in FINRA BrokerCheck/SEC IAPD or local regulator before publishing,"Great Point Capital is a alternative broker-dealer candidate for FluidRWA's broker-dealer and capital distribution category. It may be relevant for emerging companies and investment sponsors, with services including brokerage, investment banking, proprietary trading, capital markets.",https://www.greatpointcapital.com | https://brokercheck.finra.org/ | https://adviserinfo.sec.gov/ | https://www.sipc.org/list-of-members/,Yes,"Verify licensing, active registration, disciplinary history, jurisdiction and whether they accept RWA/tokenization mandates before outreach."
133,Kingswood Capital Partners,kingswood-capital-partners,https://www.kingswoodus.com,"New York, NY",United States,US broker-dealer / wealth management,Alternative Broker-Dealer,"Wealth management, investment banking, capital markets, alternatives","Private securities, funds, alternatives, capital markets, real-world assets where applicable",Wealth and capital markets distribution,Alternative investment sponsors and growth issuers,"Institutional investors, accredited investors, financial advisors, family offices",Primarily United States,Not publicly standardized; verify with firm,Medium,regulated/licensed capital markets entity; relevant to private markets/RWA distribution,Public website checked; regulatory status must be verified in FINRA BrokerCheck/SEC IAPD or local regulator before publishing,"Kingswood Capital Partners is a alternative broker-dealer candidate for FluidRWA's broker-dealer and capital distribution category. It may be relevant for alternative investment sponsors and growth issuers, with services including wealth management, investment banking, capital markets, alternatives.",https://www.kingswoodus.com | https://brokercheck.finra.org/ | https://adviserinfo.sec.gov/ | https://www.sipc.org/list-of-members/,Yes,"Verify licensing, active registration, disciplinary history, jurisdiction and whether they accept RWA/tokenization mandates before outreach."
134,Realta Wealth,realta-wealth,https://www.realtawealth.com,"Wilmington, DE",United States,US broker-dealer / wealth platform,Alternative Broker-Dealer,"Independent broker-dealer, advisory, alternatives, advisor support","Private securities, funds, alternatives, capital markets, real-world assets where applicable",Alternative investment distribution,Advisor channel alternatives,"Institutional investors, accredited investors, financial advisors, family offices",Primarily United States,Not publicly standardized; verify with firm,Medium,regulated/licensed capital markets entity; relevant to private markets/RWA distribution,Public website checked; regulatory status must be verified in FINRA BrokerCheck/SEC IAPD or local regulator before publishing,"Realta Wealth is a alternative broker-dealer candidate for FluidRWA's broker-dealer and capital distribution category. It may be relevant for advisor channel alternatives, with services including independent broker-dealer, advisory, alternatives, advisor support.",https://www.realtawealth.com | https://brokercheck.finra.org/ | https://adviserinfo.sec.gov/ | https://www.sipc.org/list-of-members/,Yes,"Verify licensing, active registration, disciplinary history, jurisdiction and whether they accept RWA/tokenization mandates before outreach."
135,Purshe Kaplan Sterling Investments,purshe-kaplan-sterling-investments,https://www.pksinvest.com,"Albany, NY",United States,US broker-dealer,Alternative Broker-Dealer,"Brokerage, advisory support, retirement, alternative investments","Private securities, funds, alternatives, capital markets, real-world assets where applicable",Advisor distribution network,Alternative investment sponsors,"Institutional investors, accredited investors, financial advisors, family offices",Primarily United States,Not publicly standardized; verify with firm,Medium,regulated/licensed capital markets entity; relevant to private markets/RWA distribution,Public website checked; regulatory status must be verified in FINRA BrokerCheck/SEC IAPD or local regulator before publishing,"Purshe Kaplan Sterling Investments is a alternative broker-dealer candidate for FluidRWA's broker-dealer and capital distribution category. It may be relevant for alternative investment sponsors, with services including brokerage, advisory support, retirement, alternative investments.",https://www.pksinvest.com | https://brokercheck.finra.org/ | https://adviserinfo.sec.gov/ | https://www.sipc.org/list-of-members/,Yes,"Verify licensing, active registration, disciplinary history, jurisdiction and whether they accept RWA/tokenization mandates before outreach."
136,American Trust Investment Services,american-trust-investment-services,https://www.americantrust.com,"Lexington, KY",United States,US broker-dealer,Alternative Broker-Dealer,"Retirement, brokerage, advisor services, investment solutions","Private securities, funds, alternatives, capital markets, real-world assets where applicable",Retirement/advisor distribution relevance,Retirement and advisor channel,"Institutional investors, accredited investors, financial advisors, family offices",Primarily United States,Not publicly standardized; verify with firm,Low,regulated/licensed capital markets entity; relevant to private markets/RWA distribution,Public website checked; regulatory status must be verified in FINRA BrokerCheck/SEC IAPD or local regulator before publishing,"American Trust Investment Services is a alternative broker-dealer candidate for FluidRWA's broker-dealer and capital distribution category. It may be relevant for retirement and advisor channel, with services including retirement, brokerage, advisor services, investment solutions.",https://www.americantrust.com | https://brokercheck.finra.org/ | https://adviserinfo.sec.gov/ | https://www.sipc.org/list-of-members/,Yes,"Verify licensing, active registration, disciplinary history, jurisdiction and whether they accept RWA/tokenization mandates before outreach."
137,Coastal Equities,coastal-equities,https://www.coastalequities.com,"Wilmington, DE",United States,US broker-dealer,Alternative Broker-Dealer,"Alternative investments, brokerage, advisor support","Private securities, funds, alternatives, capital markets, real-world assets where applicable",Alternative investment distribution,Private placement and alternatives sponsors,"Institutional investors, accredited investors, financial advisors, family offices",Primarily United States,Not publicly standardized; verify with firm,Medium,regulated/licensed capital markets entity; relevant to private markets/RWA distribution,Public website checked; regulatory status must be verified in FINRA BrokerCheck/SEC IAPD or local regulator before publishing,"Coastal Equities is a alternative broker-dealer candidate for FluidRWA's broker-dealer and capital distribution category. It may be relevant for private placement and alternatives sponsors, with services including alternative investments, brokerage, advisor support.",https://www.coastalequities.com | https://brokercheck.finra.org/ | https://adviserinfo.sec.gov/ | https://www.sipc.org/list-of-members/,Yes,"Verify licensing, active registration, disciplinary history, jurisdiction and whether they accept RWA/tokenization mandates before outreach."
138,M&A Securities Group,m-a-securities-group,https://www.masecurities.com,"Atlanta, GA",United States,US broker-dealer,M&A Broker-Dealer,Broker-dealer support for M&A advisors and investment bankers,"Private securities, funds, alternatives, capital markets, real-world assets where applicable",Middle-market deal and private capital relevance,M&A advisors and private company capital events,"Institutional investors, accredited investors, financial advisors, family offices",Primarily United States,Not publicly standardized; verify with firm,Medium,regulated/licensed capital markets entity,Public website checked; regulatory status must be verified in FINRA BrokerCheck/SEC IAPD or local regulator before publishing,"M&A Securities Group is a m&a broker-dealer candidate for FluidRWA's broker-dealer and capital distribution category. It may be relevant for m&a advisors and private company capital events, with services including broker-dealer support for m&a advisors and investment bankers.",https://www.masecurities.com | https://brokercheck.finra.org/ | https://adviserinfo.sec.gov/ | https://www.sipc.org/list-of-members/,Yes,"Verify licensing, active registration, disciplinary history, jurisdiction and whether they accept RWA/tokenization mandates before outreach."
